req.url,count(*)
/v/dev-0.0/tenants/smartpatcher/subtenants?phone_number=10077,3
/v/dev-0.0/tenants/smartpatcher/subtenants?id=praxis-10957,71
/v/dev-0.0/tenants/smartpatcher/subtenants/praxis-10027/calls?start_time=2018-01-01T00:00:00.000Z&end_time=2021-09-23T23:59:59.999Z&size=300&is_complete=false,12
/v/dev-0.0/tenants/smartpatcher/subtenants/praxis-10957/users,47
/v/dev-0.0/tenants/smartpatcher/subtenants/praxis-10593/calls?start_time=2018-01-01T00:00:00.000Z&end_time=2021-09-23T23:59:59.999Z&size=50&is_complete=false,57
/v/dev-0.0/tenants/smartpatcher/subtenants?id=praxis-10027,139
/v/dev-0.0/tenants/smartpatcher/subtenants?id=praxis-12159,105
/v/dev-0.0/tenants/smartpatcher/subtenants/praxis-10027/users,93
/v/dev-0.0/tenants/smartpatcher/subtenants/praxis-10701/calls?start_time=2018-01-01T00:00:00.000Z&end_time=2021-09-23T23:59:59.999Z&size=50&is_complete=false,67
/v/dev-0.0/tenants/smartpatcher/subtenants/praxis-12159/users,70
/v/dev-0.0/tenants/smartpatcher/subtenants/praxis-10765/calls?start_time=2018-01-01T00:00:00.000Z&end_time=2021-09-23T23:59:59.999Z&size=50&is_complete=false,12
/v/dev-0.0/tenants/smartpatcher/subtenants/praxis-12170/calls?start_time=2018-01-01T00:00:00.000Z&end_time=2021-09-23T23:59:59.999Z&size=50&is_complete=false,5
/v/dev-0.0/tenants/smartpatcher/subtenants/praxis-10987/calls?start_time=2018-01-01T00:00:00.000Z&end_time=2021-09-23T23:59:59.999Z&size=50&is_complete=false,12
/v/dev-0.0/tenants/smartpatcher/subtenants/praxis-10701/users,136
/v/dev-0.0/tenants/smartpatcher/subtenants?id=praxis-10701,208
/v/dev-0.0/tenants/smartpatcher/subtenants/praxis-10987/users,24
/v/dev-0.0/tenants/smartpatcher/subtenants?id=praxis-10987,36
/v/dev-0.0/tenants/smartpatcher/subtenants?id=praxis-10530,72
/v/dev-0.0/tenants/smartpatcher/subtenants?id=praxis-10765,36
/v/dev-0.0/tenants/smartpatcher/subtenants/praxis-10765/users,24
/,330
/v/dev-0.0/tenants/smartpatcher/subtenants/praxis-12236/calls?start_time=2018-01-01T00:00:00.000Z&end_time=2021-09-23T23:59:59.999Z&size=50&is_complete=false,48
/v/dev-0.0/tenants/smartpatcher/subtenants/praxis-10530/users,48
/v/dev-0.0/tenants/smartpatcher/subtenants?id=praxis-12041,35
/v/dev-0.0/tenants/smartpatcher/subtenants?id=praxis-12236,146
/v/dev-0.0/tenants/smartpatcher/subtenants/praxis-12236/users,97
/v/dev-0.0/tenants/smartpatcher/subtenants?id=praxis-12170,35
/v/dev-0.0/tenants/dashboard/events,2199
/v/dev-0.0/tenants/smartpatcher/subtenants/praxis-12170/users,21
/v/dev-0.0/tenants/smartpatcher/subtenants/praxis-12210/calls,3
/v/dev-0.0/tenants/smartpatcher/subtenants/praxis-12041/calls?start_time=2018-01-01T00:00:00.000Z&end_time=2021-09-23T23:59:59.999Z&size=50&is_complete=false,12
/v/dev-0.0/tenants/smartpatcher/subtenants?id=praxis-10604,36
/v/dev-0.0/tenants/smartpatcher/subtenants?phone_number=%2B493083799799,3
/v/dev-0.0/tenants/smartpatcher/subtenants/praxis-12033/calls?start_time=2018-01-01T00:00:00.000Z&end_time=2021-09-23T23:59:59.999Z&size=50&is_complete=false,36
/v/dev-0.0/tenants/smartpatcher/subtenants/praxis-10604/users,24
/v/dev-0.0/tenants/smartpatcher/subtenants/praxis-12098/calls?start_time=2018-01-01T00:00:00.000Z&end_time=2021-09-23T23:59:59.999Z&size=50&is_complete=false,12
/v/dev-0.0/tenants/smartpatcher/subtenants/praxis-10593/users,113
/v/dev-0.0/tenants/smartpatcher/subtenants/praxis-10924/calls?start_time=2018-01-01T00:00:00.000Z&end_time=2021-09-23T23:59:59.999Z&size=50&is_complete=false,24
/v/dev-0.0/tenants/smartpatcher/subtenants?id=praxis-10593,170
/v/dev-0.0/tenants/smartpatcher/subtenants/praxis-12041/users,23
/v/dev-0.0/tenants/smartpatcher/subtenants/praxis-12309/calls?start_time=2018-01-01T00:00:00.000Z&end_time=2021-09-23T23:59:59.999Z&size=50&is_complete=false,12
/v/dev-0.0/tenants/smartpatcher/subtenants/praxis-10804/calls?start_time=2018-01-01T00:00:00.000Z&end_time=2021-09-23T23:59:59.999Z&size=50&is_complete=false,22
/v/dev-0.0/tenants/smartpatcher/subtenants/praxis-12309/users,23
/v/dev-0.0/tenants/smartpatcher/subtenants?id=praxis-12049,69
/v/dev-0.0/tenants/smartpatcher/subtenants/praxis-10804/users,49
/v/dev-0.0/tenants/smartpatcher/subtenants?id=praxis-10967,108
/v/dev-0.0/tenants/smartpatcher/subtenants/praxis-10924/users,48
/v/dev-0.0/tenants/smartpatcher/subtenants/praxis-12049/users,46
/v/dev-0.0/tenants/smartpatcher/subtenants/praxis-10604/calls?start_time=2018-01-01T00:00:00.000Z&end_time=2021-09-23T23:59:59.999Z&size=50&is_complete=false,12
/v/dev-0.0/tenants/smartpatcher/subtenants/praxis-10967/users,72
/v/dev-0.0/tenants/smartpatcher/subtenants/praxis-10556/calls?start_time=2018-01-01T00:00:00.000Z&end_time=2021-09-23T23:59:59.999Z&size=50&is_complete=false,12
/v/dev-0.0/tenants/smartpatcher/subtenants?id=praxis-10556,36
/v/dev-0.0/tenants/smartpatcher/subtenants/praxis-10556/users,24
/v/dev-0.0/tenants/smartpatcher/subtenants/praxis-12098/users,24
/v/dev-0.0/tenants/smartpatcher/subtenants?id=praxis-12033,109
/v/dev-0.0/tenants/smartpatcher/subtenants/praxis-10751/calls?start_time=2018-01-01T00:00:00.000Z&end_time=2021-09-23T23:59:59.999Z&size=50&is_complete=false,24
/v/dev-0.0/tenants/smartpatcher/subtenants/praxis-10077/users,52
/v/dev-0.0/tenants/smartpatcher/subtenants?id=praxis-12098,36
/v/dev-0.0/tenants/smartpatcher/subtenants/praxis-12033/users,72
/v/dev-0.0/tenants/smartpatcher/subtenants?id=cmc-orthopaedie,145
/v/dev-0.0/tenants/smartpatcher/subtenants/cmc-orthopaedie/users,96
/v/dev-0.0/tenants/smartpatcher/subtenants/praxis-10555/calls?start_time=2018-01-01T00:00:00.000Z&end_time=2021-09-23T23:59:59.999Z&size=50&is_complete=false,36
/v/dev-0.0/tenants/smartpatcher/subtenants/praxis-10662/calls?start_time=2018-01-01T00:00:00.000Z&end_time=2021-09-23T23:59:59.999Z&size=50&is_complete=false,24
/v/dev-0.0/tenants/smartpatcher/subtenants?id=praxis-10912,97
/v/dev-0.0/tenants/smartpatcher/subtenants/praxis-10667/calls?start_time=2018-01-01T00:00:00.000Z&end_time=2021-09-23T23:59:59.999Z&size=50&is_complete=false,49
/v/dev-0.0/tenants/smartpatcher/subtenants/praxis-10848/calls?start_time=2018-01-01T00:00:00.000Z&end_time=2021-09-23T23:59:59.999Z&size=50&is_complete=false,12
/v/dev-0.0/tenants/smartpatcher/subtenants?id=praxis-12309,34
/v/dev-0.0/tenants/smartpatcher/subtenants/praxis-12258/calls?start_time=2018-01-01T00:00:00.000Z&end_time=2021-09-23T23:59:59.999Z&size=50&is_complete=false,12
/v/dev-0.0/tenants/smartpatcher/subtenants/praxis-12049/calls?start_time=2018-01-01T00:00:00.000Z&end_time=2021-09-23T23:59:59.999Z&size=50&is_complete=false,23
/v/dev-0.0/tenants/smartpatcher/subtenants/praxis-12267/calls?start_time=2018-01-01T00:00:00.000Z&end_time=2021-09-23T23:59:59.999Z&size=50&is_complete=false,12
/v/dev-0.0/tenants/smartpatcher/subtenants/praxis-10667/users,116
/v/dev-0.0/tenants/smartpatcher/subtenants/praxis-10848/users,24
/v/dev-0.0/tenants/smartpatcher/subtenants?id=praxis-10848,36
/v/dev-0.0/tenants/smartpatcher/subtenants/praxis-10555/users,92
/v/dev-0.0/tenants/smartpatcher/subtenants?id=praxis-10667,179
/v/dev-0.0/tenants/smartpatcher/subtenants/praxis-10912/users,61
/v/dev-0.0/tenants/dashboard/utterances,1229
/v/dev-0.0/tenants/smartpatcher/subtenants/praxis-10662/users,48
/v/dev-0.0/tenants/smartpatcher/subtenants?id=praxis-10555,138
/v/dev-0.0/tenants/smartpatcher/subtenants/praxis-12258/users,24
/v/dev-0.0/tenants/smartpatcher/subtenants?id=praxis-10662,72
/v/dev-0.0/tenants/smartpatcher/subtenants/praxis-12267/users,24
/v/dev-0.0/tenants/smartpatcher/subtenants/praxis-12296/calls?start_time=2018-01-01T00:00:00.000Z&end_time=2021-09-23T23:59:59.999Z&size=50&is_complete=false,24
/v/dev-0.0/tenants/smartpatcher/subtenants/praxis-10912/calls?start_time=2018-01-01T00:00:00.000Z&end_time=2021-09-23T23:59:59.999Z&size=50&is_complete=false,28
/v/dev-0.0/tenants/smartpatcher/subtenants?id=praxis-12267,36
/v/dev-0.0/tenants/smartpatcher/subtenants?id=praxis-10804,72
/v/dev-0.0/tenants/smartpatcher/subtenants?id=praxis-12296,79
/v/dev-0.0/tenants/smartpatcher/subtenants/praxis-12296/users,52
/v/dev-0.0/tenants/eon/callback-requests?is_complete=false&subtenant=bag&subtenant=ava&subtenant=edi&subtenant=shng&subtenant=elbe&subtenant=bag-service&subtenant=ava-service&subtenant=edi-service&subtenant=shng-service,55
/v/dev-0.0/tenants/system/status,442
/v/dev-0.0/tenants/smartpatcher/subtenants/praxis-10967/calls?start_time=2018-01-01T00:00:00.000Z&end_time=2021-09-23T23:59:59.999Z&size=50&is_complete=false,36
/v/dev-0.0/tenants/smartpatcher/subtenants/praxis-12220/calls?start_time=2018-01-01T00:00:00.000Z&end_time=2021-09-23T23:59:59.999Z&size=50&is_complete=false,24
/v/dev-0.0/tenants/smartpatcher/subtenants?id=praxis-12220,72
/v/dev-0.0/tenants/smartpatcher/subtenants/praxis-12220/users,48
/v/dev-0.0/tenants/smartpatcher/subtenants?id=praxis-10924,72
/v/dev-0.0/tenants/smartpatcher/subtenants/praxis-diltschev/calls,1
/v/dev-0.0/tenants/smartpatcher/subtenants?phone_number=10014,2
/v/dev-0.0/tenants/smartpatcher/subtenants/praxis-10653/calls?start_time=2018-01-01T00:00:00.000Z&end_time=2021-09-23T23:59:59.999Z&size=50&is_complete=false,24
/v/dev-0.0/tenants/smartpatcher/subtenants/praxis-west-mayen/calls/614c1ecd755d37001974b27a,2
/v/dev-0.0/tenants/smartpatcher/subtenants/praxis-13007/calls/614c1ed0d880b2001b67dca0,1
/v/dev-0.0/tenants/smartpatcher/subtenants?id=praxis-10077,79
/v/dev-0.0/tenants/bmg/subtenants/ga-flensburg/calls?subtenant_id=ga-flensburg&is_complete=false,58
/v/dev-0.0/tenants/smartpatcher/subtenants/praxis-10751/users,48
/v/dev-0.0/tenants/smartpatcher/subtenants/praxis-10973/calls,7
/v/dev-0.0/tenants/smartpatcher/subtenants?id=praxis-12258,36
/v/dev-0.0/tenants/smartpatcher/subtenants/praxis-12291/calls?start_time=2018-01-01T00:00:00.000Z&end_time=2021-09-23T23:59:59.999Z&size=50&is_complete=false,24
/v/dev-0.0/tenants/smartpatcher/subtenants?id=praxis-12291,72
/v/dev-0.0/tenants/smartpatcher/subtenants/praxis-welz/calls?start_time=2018-01-01T00:00:00.000Z&end_time=2021-09-23T23:59:59.999Z&size=50&is_complete=false,13
/v/dev-0.0/tenants/smartpatcher/subtenants?id=praxis-10751,72
/v/dev-0.0/tenants/smartpatcher/subtenants/praxis-12291/users,48
/v/dev-0.0/tenants/smartpatcher/subtenants?id=praxis-gutsche-kettler,36
/v/dev-0.0/tenants/bmg/subtenants?phone_number=4930549079291,3
/v/dev-0.0/tenants/bmg/subtenants?id=ga-flensburg&is_webapp=true,58
/v/dev-0.0/tenants/smartpatcher/subtenants?phone_number=10973,14
/v/dev-0.0/tenants/smartpatcher/subtenants/praxis-gutsche-kettler/calls?start_time=2018-01-01T00:00:00.000Z&end_time=2021-09-23T23:59:59.999Z&size=50&is_complete=false,12
/v/dev-0.0/tenants/smartpatcher/subtenants/praxis-10677/calls?start_time=2018-01-01T00:00:00.000Z&end_time=2021-09-23T23:59:59.999Z&size=50&is_complete=false,24
/v/dev-0.0/tenants/smartpatcher/subtenants?id=praxis-12306,48
/v/dev-0.0/tenants/smartpatcher/subtenants/praxis-gutsche-kettler/users,24
/v/dev-0.0/tenants/smartpatcher/subtenants/praxis-12306/calls?start_time=2018-01-01T00:00:00.000Z&end_time=2021-09-23T23:59:59.999Z&size=50&is_complete=false,16
/v/dev-0.0/tenants/smartpatcher/subtenants/praxis-12306/users,32
/v/dev-0.0/tenants/smartpatcher/subtenants?id=praxis-10653,75
/v/dev-0.0/tenants/smartpatcher/subtenants/praxis-10027/calls/614c1e9d041bc6001dde21c8,3
/v/dev-0.0/tenants/smartpatcher/subtenants/praxis-12083/calls?start_time=2018-01-01T00:00:00.000Z&end_time=2021-09-23T23:59:59.999Z&size=50&is_complete=false,12
/v/dev-0.0/tenants/smartpatcher/subtenants/praxis-10915/calls,6
/v/dev-0.0/tenants/smartpatcher/subtenants/praxis-10653/users,50
/v/dev-0.0/tenants/smartpatcher/subtenants/praxis-10677/users,48
/v/dev-0.0/tenants/smartpatcher/subtenants/praxis-10823/calls?start_time=2018-01-01T00:00:00.000Z&end_time=2021-09-23T23:59:59.999Z&size=50&is_complete=false,12
/v/dev-0.0/tenants/smartpatcher/subtenants?id=praxis-welz,47
/v/dev-0.0/tenants/smartpatcher/subtenants?id=praxis-12021,53
/v/dev-0.0/tenants/smartpatcher/subtenants?id=praxis-10677,72
/v/dev-0.0/tenants/smartpatcher/subtenants?id=praxis-10916,60
/v/dev-0.0/tenants/smartpatcher/subtenants/praxis-10866/calls?start_time=2018-01-01T00:00:00.000Z&end_time=2021-09-23T23:59:59.999Z&size=50&is_complete=false,25
/v/dev-0.0/tenants/smartpatcher/subtenants/praxis-10916/users,40
/v/dev-0.0/tenants/smartpatcher/subtenants/praxis-welz/users,30
/v/dev-0.0/tenants/smartpatcher/subtenants/praxis-12021/users,34
/v/dev-0.0/tenants/smartpatcher/subtenants/praxis-10916/calls?start_time=2018-01-01T00:00:00.000Z&end_time=2021-09-23T23:59:59.999Z&size=50&is_complete=false,20
/v/dev-0.0/tenants/smartpatcher/subtenants?id=praxis-13023,138
/v/dev-0.0/tenants/smartpatcher/subtenants/praxis-10823/users,24
/v/dev-0.0/tenants/smartpatcher/subtenants/praxis-12021/calls?start_time=2018-01-01T00:00:00.000Z&end_time=2021-09-23T23:59:59.999Z&size=50&is_complete=false,15
/v/dev-0.0/tenants/smartpatcher/subtenants?id=praxis-10823,36
/v/dev-0.0/tenants/smartpatcher/subtenants/praxis-12054/calls?start_time=2018-01-01T00:00:00.000Z&end_time=2021-09-23T23:59:59.999Z&size=50&is_complete=false,24
/v/dev-0.0/tenants/smartpatcher/subtenants?id=praxis-12083,36
/v/dev-0.0/tenants/smartpatcher/subtenants?phone_number=10915,12
/v/dev-0.0/tenants/smartpatcher/subtenants/praxis-12083/users,24
/v/dev-0.0/tenants/smartpatcher/subtenants/praxis-13023/calls?start_time=2018-01-01T00:00:00.000Z&end_time=2021-09-23T23:59:59.999Z&size=75&is_complete=true,12
/v/dev-0.0/tenants/smartpatcher/subtenants?id=praxis-10637,177
/v/dev-0.0/tenants/smartpatcher/subtenants/praxis-12021/calls/614c1cdbb23cdc001a164051,4
/v/dev-0.0/tenants/smartpatcher/subtenants/cmc-orthopaedie/calls/614c1e8ced7cb50019dfb88a,7
/v/dev-0.0/tenants/smartpatcher/subtenants/praxis-10637/users,118
/v/dev-0.0/tenants/smartpatcher/subtenants/praxis-10866/users,77
/v/dev-0.0/tenants/smartpatcher/subtenants/praxis-13023/users,92
/v/dev-0.0/tenants/smartpatcher/subtenants/praxis-10952/calls?start_time=2018-01-01T00:00:00.000Z&end_time=2021-09-23T23:59:59.999Z&size=50&is_complete=false,28
/v/dev-0.0/tenants/smartpatcher/subtenants?id=praxis-12064,60
/v/dev-0.0/tenants/smartpatcher/subtenants?id=praxis-10952,124
/v/dev-0.0/tenants/smartpatcher/subtenants/praxis-12064/users,40
/v/dev-0.0/tenants/smartpatcher/subtenants/praxis-12064/calls?start_time=2018-01-01T00:00:00.000Z&end_time=2021-09-23T23:59:59.999Z&size=50&is_complete=false,10
/v/dev-0.0/tenants/smartpatcher/subtenants/praxis-10952/users,76
/v/dev-0.0/tenants/smartpatcher/subtenants?id=praxis-10866,116
/v/dev-0.0/tenants/smartpatcher/subtenants/praxis-10637/calls?start_time=2018-01-01T00:00:00.000Z&end_time=2021-09-23T23:59:59.999Z&size=50&is_complete=false,59
/v/dev-0.0/tenants/smartpatcher/subtenants?id=praxis-12054,108
/v/dev-0.0/tenants/smartpatcher/subtenants/praxis-10521/calls?start_time=2018-01-01T00:00:00.000Z&end_time=2021-09-23T23:59:59.999Z&size=50&is_complete=false,23
/v/dev-0.0/tenants/smartpatcher/subtenants/praxis-12054/users,72
/v/dev-0.0/tenants/smartpatcher/subtenants/praxis-10521/users,66
/v/dev-0.0/tenants/smartpatcher/subtenants/praxis-10548/calls?start_time=2018-01-01T00:00:00.000Z&end_time=2021-09-23T23:59:59.999Z&size=50&is_complete=false,12
/v/dev-0.0/tenants/smartpatcher/subtenants/praxis-12200/calls?start_time=2018-01-01T00:00:00.000Z&end_time=2021-09-23T23:59:59.999Z&size=50&is_complete=false,15
/v/dev-0.0/tenants/smartpatcher/subtenants?id=praxis-10521,99
/v/dev-0.0/tenants/smartpatcher/subtenants?id=praxis-12252,128
/v/dev-0.0/tenants/smartpatcher/subtenants/praxis-10759/calls/614c1ee3a5c01f0019264d23,1
/v/dev-0.0/tenants/smartpatcher/subtenants/praxis-12252/calls?start_time=2018-01-01T00:00:00.000Z&end_time=2021-09-23T23:59:59.999Z&size=50&is_complete=false,28
/v/dev-0.0/tenants/smartpatcher/subtenants/praxis-12252/users,76
/v/dev-0.0/tenants/smartpatcher/subtenants?id=praxis-10548,36
/v/dev-0.0/tenants/smartpatcher/subtenants/praxis-10548/users,24
/v/dev-0.0/tenants/smartpatcher/subtenants/praxis-10908/calls?start_time=2018-01-01T00:00:00.000Z&end_time=2021-09-23T23:59:59.999Z&size=125&is_complete=false,23
/v/dev-0.0/tenants/smartpatcher/subtenants/praxis-10852/calls?start_time=2018-01-01T00:00:00.000Z&end_time=2021-09-23T23:59:59.999Z&size=50&is_complete=false,12
/v/dev-0.0/tenants/smartpatcher/subtenants/praxis-10852/users,24
/v/dev-0.0/tenants/smartpatcher/subtenants?id=praxis-10852,36
/v/dev-0.0/tenants/smartpatcher/subtenants?id=praxis-10578,74
/v/dev-0.0/tenants/smartpatcher/subtenants/praxis-12200/users,46
/v/dev-0.0/tenants/smartpatcher/subtenants/praxis-10578/users,49
/v/dev-0.0/tenants/smartpatcher/subtenants?id=praxis-10938,137
/v/dev-0.0/tenants/smartpatcher/subtenants/praxis-10943/calls?start_time=2018-01-01T00:00:00.000Z&end_time=2021-09-23T23:59:59.999Z&size=50&is_complete=false,12
/v/dev-0.0/tenants/smartpatcher/subtenants/praxis-10938/users,91
/v/dev-0.0/tenants/smartpatcher/subtenants/praxis-12231/calls?start_time=2018-01-01T00:00:00.000Z&end_time=2021-09-23T23:59:59.999Z&size=50&is_complete=false,12
/v/dev-0.0/tenants/smartpatcher/subtenants/praxis-10938/calls?start_time=2018-01-01T00:00:00.000Z&end_time=2021-09-23T23:59:59.999Z&size=50&is_complete=false,45
/v/dev-0.0/tenants/smartpatcher/subtenants/praxis-10943/users,24
/v/dev-0.0/tenants/smartpatcher/subtenants/praxis-12210/calls?start_time=2018-01-01T00:00:00.000Z&end_time=2021-09-23T23:59:59.999Z&size=50&is_complete=false,24
/v/dev-0.0/tenants/smartpatcher/subtenants/praxis-12231/users,24
/v/dev-0.0/tenants/smartpatcher/subtenants/praxis-10908/users,80
/v/dev-0.0/tenants/smartpatcher/subtenants?id=praxis-12231,36
/v/dev-0.0/tenants/smartpatcher/subtenants?id=praxis-10943,36
/v/dev-0.0/tenants/smartpatcher/subtenants?id=praxis-12200,77
/v/dev-0.0/tenants/smartpatcher/subtenants/praxis-12210/users,70
/v/dev-0.0/tenants/smartpatcher/subtenants/praxis-10578/calls?start_time=2018-01-01T00:00:00.000Z&end_time=2021-09-23T23:59:59.999Z&size=100&is_complete=false,24
/v/dev-0.0/tenants/smartpatcher/subtenants/praxis-10589/calls?start_time=2018-01-01T00:00:00.000Z&end_time=2021-09-23T23:59:59.999Z&size=50&is_complete=false,36
/v/dev-0.0/tenants/smartpatcher/subtenants?id=praxis-10589,108
/v/dev-0.0/tenants/smartpatcher/subtenants/praxis-13004/calls/614c1ecef80848001b30aab1,1
/v/dev-0.0/tenants/smartpatcher/subtenants/praxis-10589/users,72
/v/dev-0.0/tenants/smartpatcher/subtenants?id=praxis-10518,110
/v/dev-0.0/tenants/smartpatcher/subtenants?id=praxis-10814,106
/v/dev-0.0/tenants/smartpatcher/subtenants/praxis-10518/users,73
/v/dev-0.0/tenants/smartpatcher/subtenants/praxis-10814/users,71
"/v/dev-0.0/tenants/smartpatcher/subtenants/praxis-13005/calls?start_time=2018-01-01T00:00:00.000Z&end_time=2021-09-23T23:59:59.999Z&size=50&is_complete=false&user_phone_number_type=landline,mobile&caller_type=present&message_type=present",24
/v/dev-0.0/tenants/smartpatcher/subtenants/praxis-12305/calls?start_time=2018-01-01T00:00:00.000Z&end_time=2021-09-23T23:59:59.999Z&size=50&is_complete=false,24
/v/dev-0.0/tenants/smartpatcher/subtenants/praxis-10936/calls,1
/v/dev-0.0/tenants/smartpatcher/subtenants?phone_number=10936,2
/v/dev-0.0/tenants/smartpatcher/subtenants/praxis-10710/calls?start_time=2018-01-01T00:00:00.000Z&end_time=2021-09-23T23:59:59.999Z&size=50&is_complete=false,12
/v/dev-0.0/tenants/smartpatcher/subtenants/praxis-schlotmann/calls?start_time=2018-01-01T00:00:00.000Z&end_time=2021-09-23T23:59:59.999Z&size=50&is_complete=false,24
/v/dev-0.0/tenants/smartpatcher/subtenants/praxis-10788/calls?start_time=2018-01-01T00:00:00.000Z&end_time=2021-09-23T23:59:59.999Z&size=50&is_complete=false,23
/v/dev-0.0/tenants/smartpatcher/subtenants/praxis-10518/calls?start_time=2018-01-01T00:00:00.000Z&end_time=2021-09-23T23:59:59.999Z&size=50&is_complete=false,36
/v/dev-0.0/tenants/smartpatcher/subtenants?id=praxis-schlotmann,72
/v/dev-0.0/tenants/smartpatcher/subtenants/praxis-schlotmann/users,48
/v/dev-0.0/tenants/smartpatcher/subtenants?id=praxis-10788,69
/v/dev-0.0/tenants/smartpatcher/subtenants/praxis-10710/users,24
/v/dev-0.0/tenants/smartpatcher/subtenants/praxis-10788/users,46
/v/dev-0.0/tenants/smartpatcher/subtenants?id=praxis-10939,36
/v/dev-0.0/tenants/smartpatcher/subtenants/praxis-10939/calls?start_time=2018-01-01T00:00:00.000Z&end_time=2021-09-23T23:59:59.999Z&size=50&is_complete=false,12
/v/dev-0.0/tenants/smartpatcher/subtenants?id=praxis-12210,105
/v/dev-0.0/tenants/smartpatcher/subtenants/praxis-10939/users,24
/v/dev-0.0/tenants/smartpatcher/subtenants/praxis-10907/calls?start_time=2018-01-01T00:00:00.000Z&end_time=2021-09-23T23:59:59.999Z&size=50&is_complete=false,48
/v/dev-0.0/tenants/smartpatcher/subtenants/praxis-10947/calls,5
/v/dev-0.0/tenants/smartpatcher/subtenants/praxis-10902/calls?start_time=2018-01-01T00:00:00.000Z&end_time=2021-09-23T23:59:59.999Z&size=50&is_complete=false,12
/v/dev-0.0/tenants/smartpatcher/subtenants/praxis-10987/calls/614c1ebb9c3d43001917aaaf,2
/v/dev-0.0/tenants/smartpatcher/subtenants/praxis-10907/users,98
/v/dev-0.0/tenants/smartpatcher/subtenants?id=praxis-10907,148
/v/dev-0.0/tenants/smartpatcher/subtenants/praxis-10814/calls?start_time=2018-01-01T00:00:00.000Z&end_time=2021-09-23T23:59:59.999Z&size=50&is_complete=false,35
/v/dev-0.0/tenants/smartpatcher/subtenants?phone_number=00493012053179109470,5
/v/dev-0.0/tenants/smartpatcher/subtenants/praxis-10810/calls?start_time=2018-01-01T00:00:00.000Z&end_time=2021-09-23T23:59:59.999Z&size=50&is_complete=false,36
/v/dev-0.0/tenants/smartpatcher/subtenants?id=praxis-10710,36
/v/dev-0.0/tenants/smartpatcher/subtenants?id=praxis-10908,122
/v/dev-0.0/tenants/smartpatcher/subtenants/praxis-10810/users,76
/v/dev-0.0/tenants/smartpatcher/subtenants/praxis-10902/users,24
/v/dev-0.0/tenants/smartpatcher/subtenants?id=praxis-12274,36
/v/dev-0.0/tenants/smartpatcher/subtenants/praxis-12274/users,24
/v/dev-0.0/tenants/smartpatcher/subtenants/praxis-10695/calls?start_time=2018-01-01T00:00:00.000Z&end_time=2021-09-23T23:59:59.999Z&size=50&is_complete=false,12
/v/dev-0.0/tenants/smartpatcher/subtenants/praxis-10587/calls?start_time=2018-01-01T00:00:00.000Z&end_time=2021-09-23T23:59:59.999Z&size=50&is_complete=false,13
/v/dev-0.0/tenants/smartpatcher/subtenants?id=praxis-10587,45
/v/dev-0.0/tenants/smartpatcher/subtenants/praxis-10587/users,29
/v/dev-0.0/tenants/smartpatcher/subtenants?id=praxis-12261,108
/v/dev-0.0/tenants/smartpatcher/subtenants/praxis-10636/calls?start_time=2018-01-01T00:00:00.000Z&end_time=2021-09-23T23:59:59.999Z&size=50,12
/v/dev-0.0/tenants/smartpatcher/subtenants?id=praxis-10810,116
/v/dev-0.0/tenants/smartpatcher/subtenants/praxis-12261/users,72
/v/dev-0.0/tenants/smartpatcher/subtenants?id=praxis-10902,36
/v/dev-0.0/tenants/smartpatcher/subtenants/praxis-10909/calls/614c1ea7ed7cb50019dfb8b0,3
/v/dev-0.0/tenants/smartpatcher/subtenants/praxis-10822/calls?start_time=2018-01-01T00:00:00.000Z&end_time=2021-09-23T23:59:59.999Z&size=75&is_complete=false,23
/v/dev-0.0/tenants/smartpatcher/subtenants?id=praxis-13005,72
/v/dev-0.0/tenants/smartpatcher/subtenants/praxis-12274/calls?start_time=2018-01-01T00:00:00.000Z&end_time=2021-09-23T23:59:59.999Z&size=50&is_complete=false,12
/v/dev-0.0/tenants/smartpatcher/subtenants?id=praxis-12305,72
/v/dev-0.0/tenants/smartpatcher/subtenants/praxis-12029/calls?start_time=2018-01-01T00:00:00.000Z&end_time=2021-09-23T23:59:59.999Z&size=50&is_complete=false,36
/v/dev-0.0/tenants/smartpatcher/subtenants/praxis-12305/users,48
/v/dev-0.0/tenants/smartpatcher/subtenants/praxis-13005/users,48
/v/dev-0.0/tenants/smartpatcher/subtenants/praxis-12261/calls?start_time=2018-01-01T00:00:00.000Z&end_time=2021-09-23T23:59:59.999Z&size=50&is_complete=false,36
/v/dev-0.0/tenants/smartpatcher/subtenants?id=praxis-12029,108
/v/dev-0.0/tenants/smartpatcher/subtenants/praxis-12029/users,72
/v/dev-0.0/tenants/smartpatcher/subtenants?id=praxis-10657,36
/v/dev-0.0/tenants/smartpatcher/subtenants/praxis-10657/users,24
/v/dev-0.0/tenants/smartpatcher/subtenants/praxis-10657/calls?start_time=2018-01-01T00:00:00.000Z&end_time=2021-09-23T23:59:59.999Z&size=50&is_complete=false,12
/v/dev-0.0/tenants/smartpatcher/subtenants/praxis-10531/calls/614c1ec4755d37001974b271,1
/v/dev-0.0/tenants/smartpatcher/subtenants?id=praxis-10695,36
/v/dev-0.0/tenants/smartpatcher/subtenants/praxis-10695/users,24
/v/dev-0.0/tenants/smartpatcher/subtenants/praxis-10574/calls/614c1eb9755d37001974b260,2
/v/dev-0.0/tenants/smartpatcher/subtenants?id=praxis-10822,69
/v/dev-0.0/tenants/smartpatcher/subtenants/praxis-10822/users,46
/v/dev-0.0/tenants/smartpatcher/subtenants?id=praxis-10707,72
/v/dev-0.0/tenants/smartpatcher/subtenants/praxis-10707/calls?start_time=2018-01-01T00:00:00.000Z&end_time=2021-09-23T23:59:59.999Z&size=50&is_complete=false,24
/v/dev-0.0/tenants/smartpatcher/subtenants/praxis-10707/users,48
/v/dev-0.0/tenants/smartpatcher/subtenants/praxis-10757/calls?start_time=2018-01-01T00:00:00.000Z&end_time=2021-09-23T23:59:59.999Z&size=50&is_complete=false,15
/v/dev-0.0/tenants/smartpatcher/subtenants/praxis-12256/calls/614c1ea6041bc6001dde21db,2
/v/dev-0.0/tenants/smartpatcher/subtenants?id=praxis-10500,72
/v/dev-0.0/tenants/smartpatcher/subtenants/praxis-10500/calls?start_time=2018-01-01T00:00:00.000Z&end_time=2021-09-23T23:59:59.999Z&size=50&is_complete=false,24
/v/dev-0.0/tenants/smartpatcher/subtenants/praxis-10500/users,48
/v/dev-0.0/tenants/smartpatcher/subtenants?id=praxis-13007,108
/v/dev-0.0/tenants/smartpatcher/subtenants/praxis-13007/users,72
/v/dev-0.0/tenants/smartpatcher/subtenants/praxis-13007/calls?start_time=2018-01-01T00:00:00.000Z&end_time=2021-09-23T23:59:59.999Z&size=50&is_complete=false,36
/v/dev-0.0/tenants/smartpatcher/subtenants/praxis-10757/users,46
/v/dev-0.0/tenants/smartpatcher/subtenants?id=praxis-10876,69
/v/dev-0.0/tenants/smartpatcher/subtenants/praxis-10097/calls?start_time=2018-01-01T00:00:00.000Z&end_time=2021-09-23T23:59:59.999Z&size=50&is_complete=false,23
/v/dev-0.0/tenants/smartpatcher/subtenants?id=praxis-10757,73
/v/dev-0.0/tenants/smartpatcher/subtenants/praxis-10876/calls?start_time=2018-01-01T00:00:00.000Z&end_time=2021-09-23T23:59:59.999Z&size=50&is_complete=false,23
/v/dev-0.0/tenants/smartpatcher/subtenants/praxis-10876/users,46
/v/dev-0.0/tenants/smartpatcher/subtenants/dr-schlotmann-kids/calls?start_time=2018-01-01T00:00:00.000Z&end_time=2021-09-23T23:59:59.999Z&size=50&is_complete=false,12
/v/dev-0.0/tenants/smartpatcher/subtenants?id=praxis-12213,72
/v/dev-0.0/tenants/smartpatcher/subtenants/praxis-10810/calls/614c1dc8d880b2001b67daf3,8
/v/dev-0.0/tenants/smartpatcher/subtenants/praxis-12213/calls?start_time=2018-01-01T00:00:00.000Z&end_time=2021-09-23T23:59:59.999Z&size=50&is_complete=false,24
/v/dev-0.0/tenants/smartpatcher/subtenants?id=praxis-10097,69
/v/dev-0.0/tenants/smartpatcher/subtenants/praxis-10703/calls?start_time=2018-01-01T00:00:00.000Z&end_time=2021-09-23T23:59:59.999Z&size=50&is_complete=false,12
/v/dev-0.0/tenants/smartpatcher/subtenants/praxis-12232/calls?start_time=2018-01-01T00:00:00.000Z&end_time=2021-09-23T23:59:59.999Z&size=50&is_complete=false,12
/v/dev-0.0/tenants/smartpatcher/subtenants/praxis-10703/users,24
/v/dev-0.0/tenants/smartpatcher/subtenants/praxis-12213/users,48
/v/dev-0.0/tenants/smartpatcher/subtenants?id=praxis-10703,36
/v/dev-0.0/tenants/dashboard/statistics,98
/v/dev-0.0/tenants/smartpatcher/subtenants/praxis-10097/users,46
/v/dev-0.0/tenants/smartpatcher/subtenants?id=dr-schlotmann-kids,36
/v/dev-0.0/tenants/smartpatcher/subtenants/dr-schlotmann-kids/users,24
/v/dev-0.0/tenants/bmg/subtenants?id=ga-kyffhaeuser&is_webapp=true,50
/v/dev-0.0/tenants/bmg/subtenants/ga-schmalkalden/calls?subtenant_id=ga-schmalkalden&is_complete=false,100
/v/dev-0.0/tenants/bmg/subtenants?id=ga-schmalkalden&is_webapp=true,100
/v/dev-0.0/tenants/smartpatcher/subtenants/praxis-12232/users,24
/v/dev-0.0/tenants/smartpatcher/subtenants?id=praxis-12232,36
/v/dev-0.0/tenants/smartpatcher/subtenants?id=praxis-10636,108
/v/dev-0.0/tenants/smartpatcher/subtenants/praxis-10976/calls?start_time=2018-01-01T00:00:00.000Z&end_time=2021-09-23T23:59:59.999Z&size=50&is_complete=false,24
/v/dev-0.0/tenants/smartpatcher/subtenants?id=praxis-10976,122
/v/dev-0.0/tenants/smartpatcher/subtenants/praxis-10636/users,72
/v/dev-0.0/tenants/smartpatcher/subtenants/praxis-10976/users,80
/v/dev-0.0/tenants/smartpatcher/subtenants/praxis-12178/calls?start_time=2018-01-01T00:00:00.000Z&end_time=2021-09-23T23:59:59.999Z&size=50&is_complete=false,24
/v/dev-0.0/tenants/bmg/subtenants?id=ga-harburg&is_webapp=true,48
/v/dev-0.0/tenants/smartpatcher/subtenants/praxis-12178/users,48
/v/dev-0.0/tenants/smartpatcher/subtenants/praxis-10890/calls?start_time=2018-01-01T00:00:00.000Z&end_time=2021-09-23T23:59:59.999Z&size=50&is_complete=false,24
/v/dev-0.0/tenants/smartpatcher/subtenants?id=praxis-12178,72
/v/dev-0.0/tenants/smartpatcher/subtenants?id=praxis-10890,72
/v/dev-0.0/tenants/smartpatcher/subtenants/praxis-10890/users,48
/v/dev-0.0/tenants/smartpatcher/subtenants/praxis-13016/calls?start_time=2018-01-01T00:00:00.000Z&end_time=2021-09-23T23:59:59.999Z&size=50&is_complete=false,24
/v/dev-0.0/tenants/smartpatcher/subtenants/praxis-10984/calls?start_time=2018-01-01T00:00:00.000Z&end_time=2021-09-23T23:59:59.999Z&size=50&is_complete=false,24
/v/dev-0.0/tenants/smartpatcher/subtenants/praxis-12037/calls?start_time=2018-01-01T00:00:00.000Z&end_time=2021-09-23T23:59:59.999Z&size=50&is_complete=false,13
/v/dev-0.0/tenants/smartpatcher/subtenants?id=praxis-10984,108
/v/dev-0.0/tenants/smartpatcher/subtenants/praxis-13016/users,48
/v/dev-0.0/tenants/smartpatcher/subtenants?id=praxis-13016,72
/v/dev-0.0/tenants/smartpatcher/subtenants/praxis-10984/users,72
/v/dev-0.0/tenants/smartpatcher/subtenants?id=praxis-12037,41
/v/dev-0.0/tenants/smartpatcher/subtenants/praxis-12037/users,27
/v/dev-0.0/tenants/smartpatcher/subtenants?id=praxis-12239,72
/v/dev-0.0/tenants/smartpatcher/subtenants/praxis-12239/calls?start_time=2018-01-01T00:00:00.000Z&end_time=2021-09-23T23:59:59.999Z&size=50&is_complete=false,24
/v/dev-0.0/tenants/smartpatcher/subtenants/praxis-10727/calls?start_time=2018-01-01T00:00:00.000Z&end_time=2021-09-23T23:59:59.999Z&size=50&is_complete=false,12
/v/dev-0.0/tenants/smartpatcher/subtenants/praxis-12239/users,48
/v/dev-0.0/tenants/smartpatcher/subtenants/praxis-10840/calls/614c1eaf755d37001974b256,2
/v/dev-0.0/tenants/smartpatcher/subtenants?id=praxis-10727,36
/v/dev-0.0/tenants/smartpatcher/subtenants/praxis-10727/users,24
/v/dev-0.0/tenants/smartpatcher/subtenants/praxis-10984/calls?start_time=2018-01-01T00:00:00.000Z&end_time=2021-09-23T23:59:59.999Z&size=150&is_complete=false,12
/v/dev-0.0/tenants/bmg/subtenants/ga-bamberg/calls?subtenant_id=ga-bamberg&is_complete=false,55
/v/dev-0.0/tenants/bmg/subtenants?id=ga-bamberg&is_webapp=true,55
/v/dev-0.0/tenants/smartpatcher/subtenants/praxis-10636/calls?start_time=2018-01-01T00:00:00.000Z&end_time=2021-09-23T23:59:59.999Z&size=50&is_complete=false,24
/v/dev-0.0/tenants/smartpatcher/subtenants/praxis-10591/calls?start_time=2018-01-01T00:00:00.000Z&end_time=2021-09-23T23:59:59.999Z&size=50&is_complete=false,24
/v/dev-0.0/tenants/smartpatcher/subtenants/praxis-10551/calls/614c1eb6265959001cd76a28,3
/v/dev-0.0/tenants/smartpatcher/subtenants/praxis-12319/calls/614c1e92f80848001b30aa52,3
/v/dev-0.0/tenants/smartpatcher/subtenants?id=praxis-10591,72
/v/dev-0.0/tenants/smartpatcher/subtenants/praxis-10591/users,48
/v/dev-0.0/tenants/smartpatcher/subtenants/praxis-10759/calls,5
/v/dev-0.0/tenants/smartpatcher/subtenants?phone_number=%2B4930330835015,5
/v/dev-0.0/tenants/smartpatcher/subtenants/praxis-12095/calls?start_time=2018-01-01T00:00:00.000Z&end_time=2021-09-23T23:59:59.999Z&size=50&is_complete=false,12
/v/dev-0.0/tenants/smartpatcher/subtenants/infektiologisches-zentrum-steglitz/calls?start_time=2018-01-01T00:00:00.000Z&end_time=2021-09-23T23:59:59.999Z&size=50&is_complete=false,12
/v/dev-0.0/tenants/smartpatcher/subtenants/praxis-12011/calls?start_time=2018-01-01T00:00:00.000Z&end_time=2021-09-23T23:59:59.999Z&size=50&is_complete=false,23
/v/dev-0.0/tenants/smartpatcher/subtenants/praxis-12095/users,24
/v/dev-0.0/tenants/smartpatcher/subtenants/praxis-12011/users,46
/v/dev-0.0/tenants/smartpatcher/subtenants?id=praxis-12095,36
/v/dev-0.0/tenants/smartpatcher/subtenants/praxis-10766/calls/614c1ecc265959001cd76a4a,1
/v/dev-0.0/tenants/smartpatcher/subtenants/praxis-13032/calls?start_time=2018-01-01T00:00:00.000Z&end_time=2021-09-23T23:59:59.999Z&size=50&is_complete=false,12
/v/dev-0.0/tenants/smartpatcher/subtenants?id=praxis-12011,69
/v/dev-0.0/tenants/smartpatcher/subtenants/praxis-12296/calls/614c1edfa5c01f0019264d18,1
/v/dev-0.0/tenants/smartpatcher/subtenants/infektiologisches-zentrum-steglitz/users,24
/v/dev-0.0/tenants/smartpatcher/subtenants?id=praxis-10962,96
/v/dev-0.0/tenants/smartpatcher/subtenants?id=praxis-13032,36
/v/dev-0.0/tenants/smartpatcher/subtenants?id=praxis-12014,108
/v/dev-0.0/tenants/smartpatcher/subtenants/praxis-13032/users,24
/v/dev-0.0/tenants/smartpatcher/subtenants/praxis-12014/users,69
/v/dev-0.0/tenants/smartpatcher/subtenants/praxis-12014/calls?start_time=2018-01-01T00:00:00.000Z&end_time=2021-09-23T23:59:59.999Z&size=50&is_complete=false,29
/v/dev-0.0/tenants/smartpatcher/subtenants/praxis-10673/calls?start_time=2018-01-01T00:00:00.000Z&end_time=2021-09-23T23:59:59.999Z&size=50&is_complete=false,25
/v/dev-0.0/tenants/smartpatcher/subtenants/praxis-10836/calls?start_time=2018-01-01T00:00:00.000Z&end_time=2021-09-23T23:59:59.999Z&size=50&is_complete=false,12
/v/dev-0.0/tenants/smartpatcher/subtenants?id=infektiologisches-zentrum-steglitz,36
/v/dev-0.0/tenants/smartpatcher/subtenants/praxis-12220/calls,1
/v/dev-0.0/tenants/smartpatcher/subtenants/praxis-12122/calls?start_time=2018-01-01T00:00:00.000Z&end_time=2021-09-23T23:59:59.999Z&size=50&is_complete=false,13
/v/dev-0.0/tenants/smartpatcher/subtenants/praxis-10944/calls?start_time=2018-01-01T00:00:00.000Z&end_time=2021-09-23T23:59:59.999Z&size=50&is_complete=false,36
/v/dev-0.0/tenants/smartpatcher/subtenants?id=praxis-10836,36
/v/dev-0.0/tenants/smartpatcher/subtenants/praxis-10962/calls?start_time=2018-01-01T00:00:00.000Z&end_time=2021-09-23T23:59:59.999Z&size=50&is_complete=false,32
/v/dev-0.0/tenants/smartpatcher/subtenants/praxis-10836/users,24
/v/dev-0.0/tenants/smartpatcher/subtenants/praxis-10962/users,64
/v/dev-0.0/tenants/smartpatcher/subtenants?id=praxis-10673,83
/v/dev-0.0/tenants/smartpatcher/subtenants?id=praxis-13018,125
/v/dev-0.0/tenants/smartpatcher/subtenants/praxis-10673/users,54
/v/dev-0.0/tenants/smartpatcher/subtenants/praxis-13018/users,84
/v/dev-0.0/tenants/smartpatcher/subtenants/praxis-10568/calls?start_time=2018-01-01T00:00:00.000Z&end_time=2021-09-23T23:59:59.999Z&size=50&is_complete=false,12
/v/dev-0.0/tenants/smartpatcher/subtenants?id=praxis-10568,36
/v/dev-0.0/tenants/smartpatcher/subtenants/praxis-10568/users,24
"/v/dev-0.0/tenants/smartpatcher/subtenants/praxis-10795/calls?start_time=2018-01-01T00:00:00.000Z&end_time=2021-09-23T23:59:59.999Z&size=50&is_complete=false&category_type=emergency,appointment,prescription,voicemail,special_intent",12
/v/dev-0.0/tenants/smartpatcher/subtenants?id=praxis-12238,6
/v/dev-0.0/tenants/smartpatcher/subtenants/praxis-10795/users,96
/v/dev-0.0/tenants/smartpatcher/subtenants?id=praxis-10795,144
/v/dev-0.0/tenants/smartpatcher/subtenants/praxis-10955/calls?start_time=2018-01-01T00:00:00.000Z&end_time=2021-09-23T23:59:59.999Z&size=50&is_complete=false,23
/v/dev-0.0/tenants/smartpatcher/subtenants/praxis-12074/calls?start_time=2018-01-01T00:00:00.000Z&end_time=2021-09-23T23:59:59.999Z&size=50&is_complete=false,36
/v/dev-0.0/tenants/smartpatcher/subtenants/praxis-10953/calls?start_time=2018-01-01T00:00:00.000Z&end_time=2021-09-23T23:59:59.999Z&size=50&is_complete=false,23
/v/dev-0.0/tenants/smartpatcher/subtenants?id=praxis-10953,71
"/v/dev-0.0/tenants/smartpatcher/subtenants/praxis-12124/calls?start_time=2018-01-01T00:00:00.000Z&end_time=2021-09-23T23:59:59.999Z&size=50&is_complete=false&category_type=prescription,Ãœberweisung,Krankschreibung,Attest,voicemail",12
/v/dev-0.0/tenants/smartpatcher/subtenants/praxis-10953/users,47
/v/dev-0.0/tenants/smartpatcher/subtenants?phone_number=12220,2
/v/dev-0.0/tenants/smartpatcher/subtenants?id=praxis-12122,43
/v/dev-0.0/tenants/smartpatcher/subtenants/praxis-12122/users,28
/v/dev-0.0/tenants/smartpatcher/subtenants/praxis-10890/calls/614c1ec8b23cdc001a1643b5,2
/v/dev-0.0/tenants/smartpatcher/subtenants/praxis-13018/calls?start_time=2018-01-01T00:00:00.000Z&end_time=2021-09-23T23:59:59.999Z&size=50&is_complete=false,43
/v/dev-0.0/tenants/smartpatcher/subtenants/praxis-10933/calls?start_time=2018-01-01T00:00:00.000Z&end_time=2021-09-23T23:59:59.999Z&size=50&is_complete=false,25
/v/dev-0.0/tenants/eon/callback-requests/614a2b38a1f6b4001b03c088?editor=b1a38cda-6265-47be-8a36-d32fbfc3b89d,1
/v/dev-0.0/tenants/smartpatcher/subtenants?id=praxis-12074,108
/v/dev-0.0/tenants/smartpatcher/subtenants/praxis-12074/users,72
/v/dev-0.0/tenants/smartpatcher/subtenants/praxis-12238/calls?start_time=2018-01-01T00:00:00.000Z&end_time=2021-09-23T23:59:59.999Z&size=50&is_complete=false,1
/v/dev-0.0/tenants/smartpatcher/subtenants/praxis-10646/calls?start_time=2018-01-01T00:00:00.000Z&end_time=2021-09-23T23:59:59.999Z&size=50&is_complete=false,12
/v/dev-0.0/tenants/smartpatcher/subtenants/praxis-12238/users,2
/v/dev-0.0/tenants/smartpatcher/subtenants/praxis-10933/users,58
/v/dev-0.0/tenants/smartpatcher/subtenants/praxis-10967/calls/614c1ec1755d37001974b269,1
/v/dev-0.0/tenants/authentication/token,18
/v/dev-0.0/tenants/smartpatcher/subtenants/praxis-10944/users,72
/v/dev-0.0/tenants/smartpatcher/subtenants/praxis-12124/users,73
/v/dev-0.0/tenants/smartpatcher/subtenants?id=praxis-10933,91
/v/dev-0.0/tenants/smartpatcher/subtenants?id=praxis-10944,108
/v/dev-0.0/tenants/smartpatcher/subtenants?id=praxis-12124,108
/v/dev-0.0/tenants/smartpatcher/subtenants/praxis-12003/calls?start_time=2018-01-01T00:00:00.000Z&end_time=2021-09-23T23:59:59.999Z&size=50&is_complete=false,41
/v/dev-0.0/tenants/smartpatcher/subtenants/praxis-12159/calls?start_time=2018-01-01T00:00:00.000Z&end_time=2021-09-23T23:59:59.999Z&size=50&is_complete=false,34
/v/dev-0.0/tenants/smartpatcher/subtenants/praxis-10646/users,24
/v/dev-0.0/tenants/smartpatcher/subtenants?id=praxis-10646,36
/v/dev-0.0/tenants/smartpatcher/subtenants?id=praxis-12003,140
/v/dev-0.0/tenants/smartpatcher/subtenants/praxis-12003/users,93
/v/dev-0.0/tenants/smartpatcher/subtenants?id=praxis-12058,72
/v/dev-0.0/tenants/smartpatcher/subtenants/praxis-12058/users,48
/v/dev-0.0/tenants/smartpatcher/subtenants/praxis-13009/calls?start_time=2018-01-01T00:00:00.000Z&end_time=2021-09-23T23:59:59.999Z&size=50&is_complete=false,12
/v/dev-0.0/tenants/smartpatcher/subtenants/praxis-10648/calls?start_time=2018-01-01T00:00:00.000Z&end_time=2021-09-23T23:59:59.999Z&size=50&is_complete=false,24
/v/dev-0.0/tenants/smartpatcher/subtenants?id=praxis-10648,74
/v/dev-0.0/tenants/smartpatcher/subtenants/praxis-13009/users,24
/v/dev-0.0/tenants/smartpatcher/subtenants/praxis-12059/calls?start_time=2018-01-01T00:00:00.000Z&end_time=2021-09-23T23:59:59.999Z&size=75&is_complete=false,12
/v/dev-0.0/tenants/smartpatcher/subtenants/praxis-10648/users,49
/v/dev-0.0/tenants/smartpatcher/subtenants?id=praxis-13009,36
/v/dev-0.0/tenants/smartpatcher/subtenants/poliklinisches-zentrum-berlin/calls?start_time=2021-09-22T22:00:00.000Z&end_time=2021-09-23T21:59:59.999Z&size=50&is_complete=false,12
/v/dev-0.0/tenants/smartpatcher/subtenants/praxis-10564/calls,3
/v/dev-0.0/tenants/smartpatcher/subtenants?id=praxis-10955,69
/v/dev-0.0/tenants/smartpatcher/subtenants/praxis-10933/calls/614c1b6cb3d30300191ac98d,2
/v/dev-0.0/tenants/smartpatcher/subtenants/praxis-10955/users,46
/v/dev-0.0/tenants/smartpatcher/subtenants?id=praxis-12059,36
/v/dev-0.0/tenants/smartpatcher/subtenants/praxis-12059/users,24
/v/dev-0.0/tenants/smartpatcher/subtenants/poliklinisches-zentrum-berlin/users,24
/v/dev-0.0/tenants/smartpatcher/subtenants/praxis-12058/calls?start_time=2018-01-01T00:00:00.000Z&end_time=2021-09-23T23:59:59.999Z&size=50&is_complete=false,24
/v/dev-0.0/tenants/smartpatcher/subtenants?id=poliklinisches-zentrum-berlin,36
/v/dev-0.0/tenants/smartpatcher/subtenants/praxis-12167/calls?start_time=2018-01-01T00:00:00.000Z&end_time=2021-09-23T23:59:59.999Z&size=50&is_complete=false,22
/v/dev-0.0/tenants/smartpatcher/subtenants?id=praxis-12167,88
/v/dev-0.0/tenants/smartpatcher/subtenants?phone_number=%2B4930255585668,3
/v/dev-0.0/tenants/smartpatcher/subtenants/praxis-10759/calls/614c1e8fd880b2001b67dc49,6
/v/dev-0.0/tenants/smartpatcher/subtenants/praxis-10622/calls?start_time=2018-01-01T00:00:00.000Z&end_time=2021-09-23T23:59:59.999Z&size=50&is_complete=false,36
/v/dev-0.0/tenants/smartpatcher/subtenants/praxis-12167/users,56
/v/dev-0.0/tenants/smartpatcher/subtenants?id=praxis-10622,110
/v/dev-0.0/tenants/smartpatcher/subtenants/praxis-10622/users,73
/v/dev-0.0/tenants/smartpatcher/subtenants/praxis-10829/calls?start_time=2018-01-01T00:00:00.000Z&end_time=2021-09-23T23:59:59.999Z&size=50&is_complete=false,5
/v/dev-0.0/tenants/smartpatcher/subtenants?id=praxis-10829,55
/v/dev-0.0/tenants/smartpatcher/subtenants/praxis-10829/users,34
/v/dev-0.0/tenants/smartpatcher/subtenants/praxis-10684/calls?start_time=2018-01-01T00:00:00.000Z&end_time=2021-09-23T23:59:59.999Z&size=50&is_complete=false,17
/v/dev-0.0/tenants/smartpatcher/subtenants?id=praxis-10972,105
/v/dev-0.0/tenants/smartpatcher/subtenants/praxis-10972/users,70
/v/dev-0.0/tenants/smartpatcher/subtenants/praxis-10972/calls?start_time=2018-01-01T00:00:00.000Z&end_time=2021-09-23T23:59:59.999Z&size=50&is_complete=false,24
/v/dev-0.0/tenants/smartpatcher/subtenants?id=praxis-10684,78
/v/dev-0.0/tenants/smartpatcher/subtenants/praxis-10684/users,46
/v/dev-0.0/tenants/smartpatcher/subtenants/praxis-hoexter/calls/614c1eddf80848001b30aac3,1
/v/dev-0.0/tenants/smartpatcher/subtenants/praxis-10815/calls?start_time=2018-01-01T00:00:00.000Z&end_time=2021-09-23T23:59:59.999Z&size=50&is_complete=false,23
/v/dev-0.0/tenants/smartpatcher/subtenants?id=praxis-10815,69
/v/dev-0.0/tenants/smartpatcher/subtenants/praxis-10815/users,46
/v/dev-0.0/tenants/smartpatcher/subtenants/praxis-10947/calls/614c1e58a5c01f0019264c16,7
/v/dev-0.0/tenants/smartpatcher/subtenants/praxis-13008/calls?start_time=2017-12-31T23:00:00.000Z&end_time=2021-09-22T21:59:59.999Z&size=50&is_complete=false&caller_type=present,12
/v/dev-0.0/tenants/smartpatcher/subtenants/praxis-10597/calls?start_time=2018-01-01T00:00:00.000Z&end_time=2021-09-23T23:59:59.999Z&size=50&is_complete=false,24
/v/dev-0.0/tenants/countandcare/meter-readings?force=False&partnerId=1000484313&hotline=e-netz&identificationNumber=000000000000858340&validate=false,1
/v/dev-0.0/tenants/smartpatcher/subtenants/praxis-12003/calls?start_time=2018-01-01T00:00:00.000Z&end_time=2021-09-23T23:59:59.999Z&size=75&is_complete=false,5
/v/dev-0.0/tenants/smartpatcher/subtenants/praxis-10866/calls?start_time=2018-01-01T00:00:00.000Z&end_time=2021-09-23T23:59:59.999Z&size=75&is_complete=false,12
/v/dev-0.0/tenants/smartpatcher/subtenants/praxis-10615/calls?start_time=2018-01-01T00:00:00.000Z&end_time=2021-09-23T23:59:59.999Z&size=50&is_complete=false,23
/v/dev-0.0/tenants/smartpatcher/subtenants?id=praxis-10615,69
/v/dev-0.0/tenants/smartpatcher/subtenants/praxis-10999/calls?start_time=2018-01-01T00:00:00.000Z&end_time=2021-09-23T23:59:59.999Z&size=50&is_complete=false,12
/v/dev-0.0/tenants/smartpatcher/subtenants?id=praxis-boehme-weinhold,36
/v/dev-0.0/tenants/smartpatcher/subtenants/praxis-boehme-weinhold/users,24
/v/dev-0.0/tenants/smartpatcher/subtenants/praxis-12054/calls?start_time=2018-01-01T00:00:00.000Z&end_time=2021-09-23T23:59:59.999Z&size=125&is_complete=false,12
/v/dev-0.0/tenants/smartpatcher/subtenants/praxis-10615/users,46
/v/dev-0.0/tenants/smartpatcher/subtenants/praxis-10965/calls?start_time=2018-01-01T00:00:00.000Z&end_time=2021-09-23T23:59:59.999Z&size=50&is_complete=false,12
/v/dev-0.0/tenants/smartpatcher/subtenants?id=praxis-10999,36
/v/dev-0.0/tenants/smartpatcher/subtenants/praxis-10999/users,24
/v/dev-0.0/tenants/smartpatcher/subtenants/praxis-10027/calls?start_time=2018-01-01T00:00:00.000Z&end_time=2021-09-23T23:59:59.999Z&size=50&is_complete=false,23
/v/dev-0.0/tenants/smartpatcher/subtenants/praxis-boehme-weinhold/calls?start_time=2018-01-01T00:00:00.000Z&end_time=2021-09-23T23:59:59.999Z&size=50&is_complete=false,12
/v/dev-0.0/tenants/smartpatcher/subtenants?id=praxis-10719,108
/v/dev-0.0/tenants/smartpatcher/subtenants?id=praxis-10597,72
/v/dev-0.0/tenants/smartpatcher/subtenants/praxis-10597/users,48
/v/dev-0.0/tenants/smartpatcher/subtenants/praxis-10719/calls?start_time=2018-01-01T00:00:00.000Z&end_time=2021-09-23T23:59:59.999Z&size=50&is_complete=false,36
/v/dev-0.0/tenants/smartpatcher/subtenants/praxis-10719/users,72
/v/dev-0.0/tenants/smartpatcher/subtenants/praxis-13008/users,25
/v/dev-0.0/tenants/smartpatcher/subtenants/praxis-10521/calls/614c1edc041bc6001dde223e,1
/v/dev-0.0/tenants/smartpatcher/subtenants?id=praxis-13008,41
/v/dev-0.0/tenants/smartpatcher/subtenants/praxis-10575/calls?start_time=2018-01-01T00:00:00.000Z&end_time=2021-09-23T23:59:59.999Z&size=50&is_complete=false,12
/v/dev-0.0/tenants/smartpatcher/subtenants/praxis-12279/calls?start_time=2018-01-01T00:00:00.000Z&end_time=2021-09-23T23:59:59.999Z&size=50&is_complete=false,12
/v/dev-0.0/tenants/smartpatcher/subtenants?id=praxis-10575,36
/v/dev-0.0/tenants/smartpatcher/subtenants/praxis-10575/users,24
/v/dev-0.0/tenants/smartpatcher/subtenants/praxis-12279/users,24
/v/dev-0.0/tenants/smartpatcher/subtenants?id=praxis-12279,36
/v/dev-0.0/tenants/smartpatcher/subtenants/praxis-12199/calls?start_time=2018-01-01T00:00:00.000Z&end_time=2021-09-23T23:59:59.999Z&size=50&is_complete=false,12
/v/dev-0.0/tenants/smartpatcher/subtenants/praxis-12199/users,24
/v/dev-0.0/tenants/smartpatcher/subtenants?id=praxis-12199,36
/v/dev-0.0/tenants/smartpatcher/subtenants/praxis-10965/users,24
/v/dev-0.0/tenants/smartpatcher/subtenants?id=praxis-10965,36
/v/dev-0.0/tenants/smartpatcher/subtenants/praxis-10531/calls?start_time=2018-01-01T00:00:00.000Z&end_time=2021-09-23T23:59:59.999Z&size=75&is_complete=false,24
/v/dev-0.0/tenants/smartpatcher/subtenants?id=praxis-10536,35
/v/dev-0.0/tenants/smartpatcher/subtenants/praxis-10536/calls?start_time=2018-01-01T00:00:00.000Z&end_time=2021-09-23T23:59:59.999Z&size=50&is_complete=false,11
/v/dev-0.0/tenants/smartpatcher/subtenants/praxis-10536/users,23
/v/dev-0.0/tenants/smartpatcher/subtenants/praxis-12018/calls?start_time=2018-01-01T00:00:00.000Z&end_time=2021-09-23T23:59:59.999Z&size=50&is_complete=false,12
/v/dev-0.0/tenants/smartpatcher/subtenants?phone_number=%2B493083799756,2
/v/dev-0.0/tenants/smartpatcher/subtenants/praxis-10531/users,104
/v/dev-0.0/tenants/smartpatcher/subtenants?id=praxis-12018,72
/v/dev-0.0/tenants/smartpatcher/subtenants?id=praxis-10531,159
/v/dev-0.0/tenants/smartpatcher/subtenants/praxis-12018/users,48
/v/dev-0.0/tenants/smartpatcher/subtenants/praxis-10745/calls/614c1ea3f80848001b30aa76,3
/v/dev-0.0/tenants/smartpatcher/subtenants/praxis-12165/calls?start_time=2018-01-01T00:00:00.000Z&end_time=2021-09-23T23:59:59.999Z&size=50&is_complete=false,12
/v/dev-0.0/tenants/smartpatcher/subtenants?id=praxis-salzdahlumerstrasse-dr-ismail,1
/v/dev-0.0/tenants/smartpatcher/subtenants?id=praxis-12165,46
/v/dev-0.0/tenants/smartpatcher/subtenants/praxis-12165/users,29
/v/dev-0.0/tenants/smartpatcher/subtenants?id=praxis-12063,21
/v/dev-0.0/tenants/smartpatcher/subtenants/praxis-12063/calls?start_time=2017-12-31T23:00:00.000Z&end_time=2021-09-23T21:59:59.999Z&size=50&is_complete=false,7
/v/dev-0.0/tenants/smartpatcher/subtenants/praxis-12063/users,14
/v/dev-0.0/tenants/smartpatcher/subtenants/praxis-10613/calls?start_time=2018-01-01T00:00:00.000Z&end_time=2021-09-23T23:59:59.999Z&size=50&is_complete=false,12
/v/dev-0.0/tenants/smartpatcher/subtenants/praxis-10944/calls/614c1edc9c3d43001917aae6,1
/v/dev-0.0/tenants/smartpatcher/subtenants?id=praxis-10613,36
/v/dev-0.0/tenants/smartpatcher/subtenants/praxis-10764/calls?start_time=2018-01-01T00:00:00.000Z&end_time=2021-09-23T23:59:59.999Z&size=50&is_complete=false,12
/v/dev-0.0/tenants/smartpatcher/subtenants/praxis-10613/users,24
/v/dev-0.0/tenants/smartpatcher/subtenants?id=praxis-10749,72
/v/dev-0.0/tenants/smartpatcher/subtenants/praxis-10749/users,48
/v/dev-0.0/tenants/smartpatcher/subtenants?id=praxis-10764,36
/v/dev-0.0/tenants/smartpatcher/subtenants/praxis-10749/calls?start_time=2018-01-01T00:00:00.000Z&end_time=2021-09-23T23:59:59.999Z&size=50&is_complete=false,24
/v/dev-0.0/tenants/smartpatcher/subtenants?id=praxis-10942,71
/v/dev-0.0/tenants/smartpatcher/subtenants/praxis-10764/users,24
/v/dev-0.0/tenants/smartpatcher/subtenants/praxis-10942/users,47
/v/dev-0.0/tenants/smartpatcher/subtenants/praxis-12224/calls?start_time=2018-01-01T00:00:00.000Z&end_time=2021-09-23T23:59:59.999Z&size=50&is_complete=false,12
/v/dev-0.0/tenants/smartpatcher/subtenants?id=praxis-12224,36
/v/dev-0.0/tenants/smartpatcher/subtenants/praxis-12224/users,24
/v/dev-0.0/tenants/smartpatcher/subtenants?id=praxis-12209,87
/v/dev-0.0/tenants/smartpatcher/subtenants/praxis-10947/calls?start_time=2018-01-01T00:00:00.000Z&end_time=2021-09-23T23:59:59.999Z&size=50&is_complete=false,25
/v/dev-0.0/tenants/smartpatcher/subtenants/praxis-12209/calls?start_time=2018-01-01T00:00:00.000Z&end_time=2021-09-23T23:59:59.999Z&size=50&is_complete=false,24
/v/dev-0.0/tenants/smartpatcher/subtenants/praxis-12209/users,54
/v/dev-0.0/tenants/smartpatcher/subtenants/praxis-10933/calls/614c1bdcb3d30300191aca47,4
/v/dev-0.0/tenants/smartpatcher/subtenants?id=praxis-10697,75
/v/dev-0.0/tenants/smartpatcher/subtenants?id=praxis-10689,72
/v/dev-0.0/tenants/smartpatcher/subtenants?id=praxis-10947,81
/v/dev-0.0/tenants/smartpatcher/subtenants/praxis-10689/calls?start_time=2018-01-01T00:00:00.000Z&end_time=2021-09-23T23:59:59.999Z&size=50&is_complete=true,12
/v/dev-0.0/tenants/smartpatcher/subtenants/praxis-10947/users,53
/v/dev-0.0/tenants/smartpatcher/subtenants/praxis-10697/users,49
/v/dev-0.0/tenants/smartpatcher/subtenants/praxis-10689/users,48
/v/dev-0.0/tenants/smartpatcher/subtenants/praxis-10697/calls?start_time=2018-01-01T00:00:00.000Z&end_time=2021-09-23T23:59:59.999Z&size=50&is_complete=false,23
/v/dev-0.0/tenants/smartpatcher/subtenants?id=praxis-13025,36
/v/dev-0.0/tenants/smartpatcher/subtenants/praxis-10942/calls?start_time=2018-01-01T00:00:00.000Z&end_time=2021-09-23T23:59:59.999Z&size=50&is_complete=false,23
/v/dev-0.0/tenants/smartpatcher/subtenants/praxis-10795/calls?start_time=2018-01-01T00:00:00.000Z&end_time=2021-09-23T23:59:59.999Z&size=50&is_complete=false,36
/v/dev-0.0/tenants/smartpatcher/subtenants/praxis-hno-zentrum-taunus/calls?start_time=2018-01-01T00:00:00.000Z&end_time=2021-09-23T23:59:59.999Z&size=50&is_complete=false,12
/v/dev-0.0/tenants/smartpatcher/subtenants?id=praxis-10963,102
/v/dev-0.0/tenants/smartpatcher/subtenants/praxis-10957/calls?start_time=2018-01-01T00:00:00.000Z&end_time=2021-09-23T23:59:59.999Z&size=50&is_complete=false,23
/v/dev-0.0/tenants/smartpatcher/subtenants/praxis-10678/calls?start_time=2018-01-01T00:00:00.000Z&end_time=2021-09-23T23:59:59.999Z&size=50&is_complete=false,12
/v/dev-0.0/tenants/smartpatcher/subtenants?id=praxis-10678,36
/v/dev-0.0/tenants/smartpatcher/subtenants?id=praxis-hno-zentrum-taunus,36
/v/dev-0.0/tenants/smartpatcher/subtenants/praxis-10678/users,24
/v/dev-0.0/tenants/smartpatcher/subtenants/praxis-hno-zentrum-taunus/users,24
/v/dev-0.0/tenants/smartpatcher/subtenants/praxis-10963/users,63
/v/dev-0.0/tenants/smartpatcher/subtenants/praxis-10942/calls/614c1c3ad880b2001b67d84c,2
/v/dev-0.0/tenants/smartpatcher/subtenants/praxis-13004/calls,8
/v/dev-0.0/tenants/smartpatcher/subtenants?phone_number=13004,16
/v/dev-0.0/tenants/smartpatcher/subtenants/praxis-10933/calls/614c1b52041bc6001dde1c36,2
/v/dev-0.0/tenants/smartpatcher/subtenants/praxis-10963/calls?start_time=2018-01-01T00:00:00.000Z&end_time=2021-09-23T23:59:59.999Z&size=100&is_complete=false,14
/v/dev-0.0/tenants/smartpatcher/subtenants/praxis-13025/users,24
/v/dev-0.0/tenants/smartpatcher/subtenants?id=praxis-hoexter,85
/v/dev-0.0/tenants/smartpatcher/subtenants/praxis-10933/calls/614c1aaa265959001cd76312,2
/v/dev-0.0/tenants/smartpatcher/subtenants/praxis-hoexter/calls?start_time=2018-01-01T00:00:00.000Z&end_time=2021-09-23T23:59:59.999Z&size=50&is_complete=false,25
/v/dev-0.0/tenants/smartpatcher/subtenants/praxis-hoexter/users,55
/v/dev-0.0/tenants/smartpatcher/subtenants?id=praxis-12288,41
/v/dev-0.0/tenants/smartpatcher/subtenants/praxis-13025/calls?start_time=2018-01-01T00:00:00.000Z&end_time=2021-09-23T23:59:59.999Z&size=125&is_complete=false,12
/v/dev-0.0/tenants/smartpatcher/subtenants/praxis-12288/calls?start_time=2018-01-01T00:00:00.000Z&end_time=2021-09-23T23:59:59.999Z&size=50&is_complete=false,13
/v/dev-0.0/tenants/smartpatcher/subtenants/praxis-10711/calls?start_time=2018-01-01T00:00:00.000Z&end_time=2021-09-23T23:59:59.999Z&size=50&is_complete=false,23
/v/dev-0.0/tenants/smartpatcher/subtenants/cmc-orthopaedie/calls?start_time=2018-01-01T00:00:00.000Z&end_time=2021-09-23T23:59:59.999Z&size=50&is_complete=false,47
/v/dev-0.0/tenants/smartpatcher/subtenants/praxis-10824/calls?start_time=2018-01-01T00:00:00.000Z&end_time=2021-09-23T23:59:59.999Z&size=50&is_complete=false,23
/v/dev-0.0/tenants/smartpatcher/subtenants/praxis-10898/calls?start_time=2018-01-01T00:00:00.000Z&end_time=2021-09-23T23:59:59.999Z&size=50&is_complete=false,12
/v/dev-0.0/tenants/smartpatcher/subtenants/praxis-10718/calls?start_time=2018-01-01T00:00:00.000Z&end_time=2021-09-23T23:59:59.999Z&size=50&is_complete=false,45
/v/dev-0.0/tenants/smartpatcher/subtenants?id=praxis-10898,36
/v/dev-0.0/tenants/smartpatcher/subtenants/praxis-12288/users,27
/v/dev-0.0/tenants/smartpatcher/subtenants/praxis-10898/users,24
/v/dev-0.0/tenants/smartpatcher/subtenants?id=praxis-10718,138
/v/dev-0.0/tenants/smartpatcher/subtenants?id=praxis-10824,69
/v/dev-0.0/tenants/smartpatcher/subtenants/praxis-10824/users,46
/v/dev-0.0/tenants/smartpatcher/subtenants?id=praxis-10711,70
/v/dev-0.0/tenants/smartpatcher/subtenants/praxis-10718/users,91
/v/dev-0.0/tenants/smartpatcher/subtenants/praxis-12254/calls?start_time=2018-01-01T00:00:00.000Z&end_time=2021-09-23T23:59:59.999Z&size=50&is_complete=false,12
/v/dev-0.0/tenants/smartpatcher/subtenants/praxis-10825/calls?start_time=2018-01-01T00:00:00.000Z&end_time=2021-09-23T23:59:59.999Z&size=50&is_complete=false,25
/v/dev-0.0/tenants/smartpatcher/subtenants/praxis-10711/users,46
/v/dev-0.0/tenants/smartpatcher/subtenants?id=praxis-10628,36
/v/dev-0.0/tenants/smartpatcher/subtenants?id=praxis-10825,73
/v/dev-0.0/tenants/smartpatcher/subtenants/praxis-10825/users,49
/v/dev-0.0/tenants/smartpatcher/subtenants/praxis-12254/users,24
/v/dev-0.0/tenants/smartpatcher/subtenants?id=praxis-12254,36
/v/dev-0.0/tenants/smartpatcher/subtenants/praxis-12287/calls/614c1e90ed7cb50019dfb88c,4
/v/dev-0.0/tenants/smartpatcher/subtenants/praxis-10628/users,24
/v/dev-0.0/tenants/smartpatcher/subtenants/praxis-10628/calls?start_time=2018-01-01T00:00:00.000Z&end_time=2021-09-23T23:59:59.999Z&size=50&is_complete=false,12
/v/dev-0.0/tenants/smartpatcher/subtenants/praxis-12026/calls?start_time=2018-01-01T00:00:00.000Z&end_time=2021-09-23T23:59:59.999Z&size=50&is_complete=false,13
/v/dev-0.0/tenants/smartpatcher/subtenants/praxis-12036/calls?start_time=2018-01-01T00:00:00.000Z&end_time=2021-09-23T23:59:59.999Z&size=50&is_complete=false,13
/v/dev-0.0/tenants/smartpatcher/subtenants/praxis-12024/calls/614c1eb3041bc6001dde21f0,1
/v/dev-0.0/tenants/smartpatcher/subtenants/praxis-12036/users,28
/v/dev-0.0/tenants/smartpatcher/subtenants/praxis-12008/calls?start_time=2018-01-01T00:00:00.000Z&end_time=2021-09-23T23:59:59.999Z&size=100&is_complete=false,33
/v/dev-0.0/tenants/smartpatcher/subtenants/praxis-12026/users,28
/v/dev-0.0/tenants/smartpatcher/subtenants?id=praxis-12271,36
/v/dev-0.0/tenants/smartpatcher/subtenants?id=praxis-12036,44
/v/dev-0.0/tenants/smartpatcher/subtenants/praxis-12271/calls?start_time=2018-01-01T00:00:00.000Z&end_time=2021-09-23T23:59:59.999Z&size=50&is_complete=false,12
/v/dev-0.0/tenants/smartpatcher/subtenants/praxis-12271/users,24
/v/dev-0.0/tenants/smartpatcher/subtenants/praxis-13023/calls?start_time=2018-01-01T00:00:00.000Z&end_time=2021-09-23T23:59:59.999Z&size=50&is_complete=false,34
/v/dev-0.0/tenants/smartpatcher/subtenants/praxis-13010/calls?start_time=2018-01-01T00:00:00.000Z&end_time=2021-09-23T23:59:59.999Z&size=50&is_complete=false,12
/v/dev-0.0/tenants/smartpatcher/subtenants?id=praxis-13010,36
/v/dev-0.0/tenants/smartpatcher/subtenants/praxis-13010/users,24
/v/dev-0.0/tenants/smartpatcher/subtenants/praxis-12284/calls?start_time=2018-01-01T00:00:00.000Z&end_time=2021-09-23T23:59:59.999Z&size=50&is_complete=false,47
/v/dev-0.0/tenants/smartpatcher/subtenants?id=praxis-12284,141
/v/dev-0.0/tenants/smartpatcher/subtenants/praxis-12284/users,94
/v/dev-0.0/tenants/smartpatcher/subtenants/praxis-12186/calls?start_time=2018-01-01T00:00:00.000Z&end_time=2021-09-23T23:59:59.999Z&size=50&is_complete=false,21
/v/dev-0.0/tenants/smartpatcher/subtenants?id=praxis-12186,86
/v/dev-0.0/tenants/smartpatcher/subtenants/praxis-12186/users,52
/v/dev-0.0/tenants/smartpatcher/subtenants?id=praxis-12281,105
/v/dev-0.0/tenants/smartpatcher/subtenants/praxis-12281/calls?start_time=2018-01-01T00:00:00.000Z&end_time=2021-09-23T23:59:59.999Z&size=50&is_complete=false,35
/v/dev-0.0/tenants/smartpatcher/subtenants/praxis-12281/users,70
/v/dev-0.0/tenants/smartpatcher/subtenants/praxis-12024/calls,7
/v/dev-0.0/tenants/smartpatcher/subtenants?id=praxis-12187,38
/v/dev-0.0/tenants/smartpatcher/subtenants/praxis-12187/users,25
/v/dev-0.0/tenants/smartpatcher/subtenants/praxis-12187/calls?start_time=2018-01-01T00:00:00.000Z&end_time=2021-09-23T23:59:59.999Z&size=50&is_complete=false,12
/v/dev-0.0/tenants/smartpatcher/subtenants/praxis-hoexter/calls,4
/v/dev-0.0/tenants/smartpatcher/subtenants?phone_number=12024,14
/v/dev-0.0/tenants/smartpatcher/subtenants?phone_number=%2B4930255585005,4
/v/dev-0.0/tenants/smartpatcher/subtenants?id=praxis-12026,43
/v/dev-0.0/tenants/smartpatcher/subtenants/praxis-10938/calls/614c12f20bebcd00194c1481,2
/v/dev-0.0/tenants/smartpatcher/subtenants/praxis-12265/calls?start_time=2018-01-01T00:00:00.000Z&end_time=2021-09-23T23:59:59.999Z&size=50&is_complete=false,12
/v/dev-0.0/tenants/smartpatcher/subtenants?id=praxis-12265,36
/v/dev-0.0/tenants/smartpatcher/subtenants/praxis-12265/users,24
/v/dev-0.0/tenants/smartpatcher/subtenants/praxis-10967/calls/614c1ebdb23cdc001a1643ac,1
/v/dev-0.0/tenants/smartpatcher/subtenants/praxis-10887/calls?start_time=2018-01-01T00:00:00.000Z&end_time=2021-09-23T23:59:59.999Z&size=50&is_complete=false,23
/v/dev-0.0/tenants/smartpatcher/subtenants?id=praxis-12008,109
/v/dev-0.0/tenants/smartpatcher/subtenants/innermed/calls/614c1eda041bc6001dde223c,1
/v/dev-0.0/tenants/smartpatcher/subtenants/praxis-12008/users,70
/v/dev-0.0/tenants/smartpatcher/subtenants/praxis-10976/calls?start_time=2017-12-31T23:00:00.000Z&end_time=2021-09-23T21:59:59.999Z&size=50&is_complete=false,13
/v/dev-0.0/tenants/smartpatcher/subtenants?id=praxis-13002,74
/v/dev-0.0/tenants/smartpatcher/subtenants/praxis-13002/users,49
/v/dev-0.0/tenants/smartpatcher/subtenants/praxis-10926/calls?start_time=2018-01-01T00:00:00.000Z&end_time=2021-09-23T23:59:59.999Z&size=50&is_complete=false,11
/v/dev-0.0/tenants/smartpatcher/subtenants?id=praxis-10685,75
/v/dev-0.0/tenants/smartpatcher/subtenants/praxis-10685/calls?start_time=2018-01-01T00:00:00.000Z&end_time=2021-09-23T23:59:59.999Z&size=50&is_complete=false,25
/v/dev-0.0/tenants/smartpatcher/subtenants/praxis-10685/users,50
/v/dev-0.0/tenants/smartpatcher/subtenants/praxis-12020/calls?start_time=2018-01-01T00:00:00.000Z&end_time=2021-09-23T23:59:59.999Z&size=50&is_complete=false,18
/v/dev-0.0/tenants/smartpatcher/subtenants?id=praxis-12020,59
/v/dev-0.0/tenants/smartpatcher/subtenants/praxis-12020/users,37
/v/dev-0.0/tenants/smartpatcher/subtenants?id=praxis-10887,69
/v/dev-0.0/tenants/smartpatcher/subtenants/praxis-10887/users,46
/v/dev-0.0/tenants/smartpatcher/subtenants/praxis-13002/calls?start_time=2018-01-01T00:00:00.000Z&end_time=2021-09-23T23:59:59.999Z&size=50&is_complete=false,24
/v/dev-0.0/tenants/smartpatcher/subtenants/praxis-12028/calls?start_time=2018-01-01T00:00:00.000Z&end_time=2021-09-23T23:59:59.999Z&size=50&is_complete=false,12
/v/dev-0.0/tenants/smartpatcher/subtenants/praxis-13019/calls/614c1eccb3d30300191acf95,1
/v/dev-0.0/tenants/smartpatcher/subtenants?id=praxis-12028,38
/v/dev-0.0/tenants/smartpatcher/subtenants/praxis-12028/users,25
/v/dev-0.0/tenants/smartpatcher/subtenants/praxis-10988/calls?start_time=2018-01-01T00:00:00.000Z&end_time=2021-09-23T23:59:59.999Z&size=50&is_complete=false,23
/v/dev-0.0/tenants/smartpatcher/subtenants/praxis-10926/users,22
/v/dev-0.0/tenants/smartpatcher/subtenants?id=praxis-10926,33
/v/dev-0.0/tenants/smartpatcher/subtenants/praxis-10988/users,46
/v/dev-0.0/tenants/smartpatcher/subtenants?id=praxis-10988,69
/v/dev-0.0/tenants/smartpatcher/subtenants?id=praxis-12295,87
/v/dev-0.0/tenants/smartpatcher/subtenants/praxis-12141/calls?start_time=2018-01-01T00:00:00.000Z&end_time=2021-09-23T23:59:59.999Z&size=50&is_complete=false,24
/v/dev-0.0/tenants/smartpatcher/subtenants?id=praxis-10669,36
/v/dev-0.0/tenants/smartpatcher/subtenants/praxis-10530/calls?start_time=2018-01-01T00:00:00.000Z&end_time=2021-09-23T23:59:59.999Z&size=50&is_complete=false,23
/v/dev-0.0/tenants/smartpatcher/subtenants/praxis-10669/users,24
/v/dev-0.0/tenants/smartpatcher/subtenants?id=praxis-12141,72
/v/dev-0.0/tenants/smartpatcher/subtenants/praxis-10669/calls?start_time=2018-01-01T00:00:00.000Z&end_time=2021-09-23T23:59:59.999Z&size=50&is_complete=false,12
/v/dev-0.0/tenants/smartpatcher/subtenants?id=praxis-12237,82
/v/dev-0.0/tenants/smartpatcher/subtenants/praxis-12237/users,53
/v/dev-0.0/tenants/smartpatcher/subtenants/praxis-10912/calls/614c1d3c755d37001974af79,2
/v/dev-0.0/tenants/smartpatcher/subtenants/praxis-12124/calls?start_time=2018-01-01T00:00:00.000Z&end_time=2021-09-23T23:59:59.999Z&size=50&is_complete=false,22
/v/dev-0.0/tenants/smartpatcher/subtenants/praxis-12141/users,48
/v/dev-0.0/tenants/smartpatcher/subtenants/praxis-12295/calls?start_time=2018-01-01T00:00:00.000Z&end_time=2021-09-23T23:59:59.999Z&size=50&is_complete=false&message_type=present,18
/v/dev-0.0/tenants/smartpatcher/subtenants/praxis-10944/calls,2
/v/dev-0.0/tenants/smartpatcher/subtenants?phone_number=10944,4
/v/dev-0.0/tenants/smartpatcher/subtenants/praxis-12295/users,58
/v/dev-0.0/tenants/smartpatcher/subtenants/praxis-10521/calls,1
/v/dev-0.0/tenants/smartpatcher/subtenants/praxis-10780/calls,1
/v/dev-0.0/tenants/smartpatcher/subtenants/praxis-10586/calls?start_time=2018-01-01T00:00:00.000Z&end_time=2021-09-23T23:59:59.999Z&size=50&is_complete=false,23
/v/dev-0.0/tenants/smartpatcher/subtenants/praxis-10976/calls/614c1e53a5c01f0019264c07,7
/v/dev-0.0/tenants/smartpatcher/subtenants?phone_number=%2B4930255585695,1
/v/dev-0.0/tenants/smartpatcher/subtenants?phone_number=10780,2
/v/dev-0.0/tenants/smartpatcher/subtenants/praxis-12237/calls?start_time=2018-01-01T00:00:00.000Z&end_time=2021-09-23T23:59:59.999Z&size=50&is_complete=false,24
/v/dev-0.0/tenants/smartpatcher/subtenants/praxis-12015/calls?start_time=2018-01-01T00:00:00.000Z&end_time=2021-09-23T23:59:59.999Z&size=50&is_complete=false,15
/v/dev-0.0/tenants/smartpatcher/subtenants?id=praxis-10586,69
/v/dev-0.0/tenants/smartpatcher/subtenants/praxis-10586/users,46
/v/dev-0.0/tenants/smartpatcher/subtenants?id=praxis-12015,57
/v/dev-0.0/tenants/smartpatcher/subtenants/praxis-12015/users,36
/v/dev-0.0/tenants/dashboard/transactions,16
/v/dev-0.0/tenants/eon/test,16
/v/dev-0.0/tenants/smartpatcher/subtenants/praxis-10921/calls?start_time=2018-01-01T00:00:00.000Z&end_time=2021-09-23T23:59:59.999Z&size=50&is_complete=false&message_type=present,12
/v/dev-0.0/tenants/eon/subtenants?phone_number=%2B493058849212,21
/v/dev-0.0/tenants/smartpatcher/subtenants?id=praxis-10921,72
/v/dev-0.0/tenants/smartpatcher/subtenants/praxis-10921/users,48
/v/dev-0.0/tenants/smartpatcher/subtenants?id=praxis-12287,69
/v/dev-0.0/tenants/smartpatcher/subtenants/praxis-12287/calls?start_time=2018-01-01T00:00:00.000Z&end_time=2021-09-23T23:59:59.999Z&size=50&is_complete=false,23
/v/dev-0.0/tenants/smartpatcher/subtenants/praxis-hoexter/calls/614c1ea9b3d30300191acf4f,3
/v/dev-0.0/tenants/smartpatcher/subtenants?id=praxis-12019,35
/v/dev-0.0/tenants/smartpatcher/subtenants/praxis-12046/calls?start_time=2018-01-01T00:00:00.000Z&end_time=2021-09-23T23:59:59.999Z&size=50&is_complete=false,28
/v/dev-0.0/tenants/smartpatcher/subtenants/praxis-12019/users,23
/v/dev-0.0/tenants/smartpatcher/subtenants/praxis-12019/calls?start_time=2018-01-01T00:00:00.000Z&end_time=2021-09-23T23:59:59.999Z&size=50&is_complete=false,11
/v/dev-0.0/tenants/smartpatcher/subtenants?id=praxis-10929,69
/v/dev-0.0/tenants/smartpatcher/subtenants/praxis-12046/users,60
/v/dev-0.0/tenants/smartpatcher/subtenants/praxis-12287/users,46
/v/dev-0.0/tenants/smartpatcher/subtenants/praxis-12262/calls?start_time=2018-01-01T00:00:00.000Z&end_time=2021-09-23T23:59:59.999Z&size=50&is_complete=false,24
/v/dev-0.0/tenants/smartpatcher/subtenants?id=praxis-12262,72
/v/dev-0.0/tenants/smartpatcher/subtenants/praxis-10830/calls?start_time=2018-01-01T00:00:00.000Z&end_time=2021-09-23T23:59:59.999Z&size=50&is_complete=false,12
/v/dev-0.0/tenants/smartpatcher/subtenants?id=praxis-12046,96
/v/dev-0.0/tenants/smartpatcher/subtenants/praxis-12262/users,48
/v/dev-0.0/tenants/smartpatcher/subtenants/praxis-10555/calls?start_time=2018-01-01T00:00:00.000Z&end_time=2021-09-23T23:59:59.999Z&size=50&is_complete=true,11
/v/dev-0.0/tenants/smartpatcher/subtenants/praxis-10830/users,24
/v/dev-0.0/tenants/smartpatcher/subtenants/praxis-10929/calls?start_time=2018-01-01T00:00:00.000Z&end_time=2021-09-23T23:59:59.999Z&size=50&is_complete=false,23
/v/dev-0.0/tenants/smartpatcher/subtenants?id=praxis-10830,36
/v/dev-0.0/tenants/smartpatcher/subtenants/praxis-10925/calls?start_time=2018-01-01T00:00:00.000Z&end_time=2021-09-23T23:59:59.999Z&size=50&is_complete=false,12
/v/dev-0.0/tenants/smartpatcher/subtenants/praxis-10929/users,46
/v/dev-0.0/tenants/smartpatcher/subtenants/praxis-12247/calls?start_time=2018-01-01T00:00:00.000Z&end_time=2021-09-23T23:59:59.999Z&size=50&is_complete=false,12
/v/dev-0.0/tenants/smartpatcher/subtenants/praxis-10921/calls?start_time=2018-01-01T00:00:00.000Z&end_time=2021-09-23T23:59:59.999Z&size=50&is_complete=false,12
/v/dev-0.0/tenants/smartpatcher/subtenants/praxis-10077/calls?start_time=2018-01-01T00:00:00.000Z&end_time=2021-09-23T23:59:59.999Z&size=50&is_complete=false,24
/v/dev-0.0/tenants/smartpatcher/subtenants?id=praxis-10811,36
/v/dev-0.0/tenants/smartpatcher/subtenants?id=praxis-10738,33
/v/dev-0.0/tenants/smartpatcher/subtenants/praxis-10811/users,24
/v/dev-0.0/tenants/smartpatcher/subtenants/praxis-10738/users,22
/v/dev-0.0/tenants/smartpatcher/subtenants/praxis-10567/calls?start_time=2018-01-01T00:00:00.000Z&end_time=2021-09-23T23:59:59.999Z&size=50&is_complete=false,12
/v/dev-0.0/tenants/smartpatcher/subtenants/praxis-13008/calls,2
/v/dev-0.0/tenants/smartpatcher/subtenants?phone_number=13008,4
/v/dev-0.0/tenants/smartpatcher/subtenants/praxis-12124/calls/614c1eb9ed7cb50019dfb8ca,2
/v/dev-0.0/tenants/smartpatcher/subtenants/praxis-10738/calls?start_time=2018-01-01T00:00:00.000Z&end_time=2021-09-23T23:59:59.999Z&size=50&is_complete=false,11
/v/dev-0.0/tenants/smartpatcher/subtenants/praxis-10811/calls?start_time=2018-01-01T00:00:00.000Z&end_time=2021-09-23T23:59:59.999Z&size=50&is_complete=false,12
/v/dev-0.0/tenants/smartpatcher/subtenants/praxis-10925/users,24
/v/dev-0.0/tenants/smartpatcher/subtenants?id=praxis-10925,36
/v/dev-0.0/tenants/smartpatcher/subtenants/praxis-10567/users,24
/v/dev-0.0/tenants/smartpatcher/subtenants/praxis-10990/calls?start_time=2018-01-01T00:00:00.000Z&end_time=2021-09-23T23:59:59.999Z&size=50&is_complete=false,12
/v/dev-0.0/tenants/smartpatcher/subtenants/praxis-10971/calls?start_time=2018-01-01T00:00:00.000Z&end_time=2021-09-23T23:59:59.999Z&size=50&is_complete=false,11
/v/dev-0.0/tenants/smartpatcher/subtenants?id=praxis-10644,77
/v/dev-0.0/tenants/smartpatcher/subtenants?id=praxis-10971,35
/v/dev-0.0/tenants/smartpatcher/subtenants?id=praxis-augenaerzte-ratingen,99
/v/dev-0.0/tenants/smartpatcher/subtenants?id=praxis-10990,36
/v/dev-0.0/tenants/smartpatcher/subtenants/praxis-10644/calls?start_time=2018-01-01T00:00:00.000Z&end_time=2021-09-23T23:59:59.999Z&size=50&is_complete=false,24
/v/dev-0.0/tenants/smartpatcher/subtenants?id=praxis-12247,39
/v/dev-0.0/tenants/smartpatcher/subtenants/praxis-10644/users,53
/v/dev-0.0/tenants/smartpatcher/subtenants/praxis-augenaerzte-ratingen/users,66
/v/dev-0.0/tenants/smartpatcher/subtenants?id=praxis-10567,36
/v/dev-0.0/tenants/smartpatcher/subtenants/praxis-12247/users,24
/v/dev-0.0/tenants/smartpatcher/subtenants/praxis-10971/users,23
/v/dev-0.0/tenants/smartpatcher/subtenants/praxis-10990/users,24
/v/dev-0.0/tenants/smartpatcher/subtenants/praxis-12243/calls?start_time=2018-01-01T00:00:00.000Z&end_time=2021-09-23T23:59:59.999Z&size=75&is_complete=false,13
/v/dev-0.0/tenants/smartpatcher/subtenants/praxis-10581/calls?start_time=2018-01-01T00:00:00.000Z&end_time=2021-09-23T23:59:59.999Z&size=50&is_complete=false,22
/v/dev-0.0/tenants/smartpatcher/subtenants?id=praxis-10581,84
/v/dev-0.0/tenants/smartpatcher/subtenants/praxis-10581/users,54
/v/dev-0.0/tenants/smartpatcher/subtenants?id=praxis-12243,49
/v/dev-0.0/tenants/smartpatcher/subtenants/praxis-12243/users,31
/v/dev-0.0/tenants/smartpatcher/subtenants?id=praxis-10595,69
/v/dev-0.0/tenants/smartpatcher/subtenants?id=praxis-10618,54
/v/dev-0.0/tenants/smartpatcher/subtenants/praxis-10595/users,46
/v/dev-0.0/tenants/smartpatcher/subtenants/praxis-10910/calls?start_time=2018-01-01T00:00:00.000Z&end_time=2021-09-23T23:59:59.999Z&size=50&is_complete=false,11
/v/dev-0.0/tenants/smartpatcher/subtenants?id=praxis-10910,33
/v/dev-0.0/tenants/smartpatcher/subtenants/praxis-10910/users,22
/v/dev-0.0/tenants/smartpatcher/subtenants/praxis-10647/calls?start_time=2018-01-01T00:00:00.000Z&end_time=2021-09-23T23:59:59.999Z&size=50&is_complete=false,8
/v/dev-0.0/tenants/smartpatcher/subtenants/praxis-10745/calls?start_time=2018-01-01T00:00:00.000Z&end_time=2021-09-23T23:59:59.999Z&size=50&is_complete=false,24
/v/dev-0.0/tenants/smartpatcher/subtenants/innermed/calls,3
/v/dev-0.0/tenants/smartpatcher/subtenants/praxis-12032/calls?start_time=2018-01-01T00:00:00.000Z&end_time=2021-09-23T23:59:59.999Z&size=50&is_complete=false,12
/v/dev-0.0/tenants/smartpatcher/subtenants?phone_number=10086,6
/v/dev-0.0/tenants/smartpatcher/subtenants/praxis-west-mayen/calls/614c1e6fb23cdc001a164331,4
/v/dev-0.0/tenants/smartpatcher/subtenants/praxis-augenaerzte-ratingen/calls?start_time=2018-01-01T00:00:00.000Z&end_time=2021-09-23T23:59:59.999Z&size=50&is_complete=false,33
/v/dev-0.0/tenants/smartpatcher/subtenants/praxis-10909/calls?start_time=2018-01-01T00:00:00.000Z&end_time=2021-09-23T23:59:59.999Z&size=50&is_complete=false,12
/v/dev-0.0/tenants/smartpatcher/subtenants?id=praxis-10647,25
/v/dev-0.0/tenants/smartpatcher/subtenants/praxis-12032/users,24
/v/dev-0.0/tenants/smartpatcher/subtenants/praxis-10647/users,17
/v/dev-0.0/tenants/smartpatcher/subtenants?id=praxis-10745,72
/v/dev-0.0/tenants/smartpatcher/subtenants/praxis-10745/users,48
/v/dev-0.0/tenants/smartpatcher/subtenants?id=praxis-12032,36
/v/dev-0.0/tenants/smartpatcher/subtenants?id=praxis-10909,36
/v/dev-0.0/tenants/smartpatcher/subtenants/praxis-10909/users,24
/v/dev-0.0/tenants/smartpatcher/subtenants/praxis-12215/calls?start_time=2018-01-01T00:00:00.000Z&end_time=2021-09-23T23:59:59.999Z&size=50&is_complete=false,12
/v/dev-0.0/tenants/smartpatcher/subtenants?id=praxis-13034,36
/v/dev-0.0/tenants/smartpatcher/subtenants?id=praxis-12215,36
/v/dev-0.0/tenants/smartpatcher/subtenants/praxis-13034/users,24
/v/dev-0.0/tenants/smartpatcher/subtenants/praxis-13034/calls?start_time=2018-01-01T00:00:00.000Z&end_time=2021-09-23T23:59:59.999Z&size=75&is_complete=false,12
/v/dev-0.0/tenants/smartpatcher/subtenants/praxis-12215/users,24
/v/dev-0.0/tenants/smartpatcher/subtenants/praxis-10595/calls?start_time=2018-01-01T00:00:00.000Z&end_time=2021-09-23T23:59:59.999Z&size=50&is_complete=false,23
/v/dev-0.0/tenants/smartpatcher/subtenants/praxis-10618/calls?start_time=2018-01-01T00:00:00.000Z&end_time=2021-09-23T23:59:59.999Z&size=50&is_complete=false,18
/v/dev-0.0/tenants/smartpatcher/subtenants/praxis-13015/calls?start_time=2018-01-01T00:00:00.000Z&end_time=2021-09-23T23:59:59.999Z&size=50&is_complete=false,33
/v/dev-0.0/tenants/smartpatcher/subtenants/praxis-10618/users,36
/v/dev-0.0/tenants/smartpatcher/subtenants?id=praxis-13015,110
/v/dev-0.0/tenants/smartpatcher/subtenants/praxis-13015/users,72
/v/dev-0.0/tenants/smartpatcher/subtenants/praxis-12190/calls?start_time=2018-01-01T00:00:00.000Z&end_time=2021-09-23T23:59:59.999Z&size=50&is_complete=false,24
/v/dev-0.0/tenants/smartpatcher/subtenants?id=praxis-12190,72
/v/dev-0.0/tenants/smartpatcher/subtenants/praxis-12059/calls/614c1ed7265959001cd76a5d,1
/v/dev-0.0/tenants/smartpatcher/subtenants/praxis-12160/calls?start_time=2021-09-22T22:00:00.000Z&end_time=2021-09-23T21:59:59.999Z&size=50&is_complete=false,23
/v/dev-0.0/tenants/smartpatcher/subtenants?id=praxis-12160,102
/v/dev-0.0/tenants/smartpatcher/subtenants/praxis-12160/users,68
/v/dev-0.0/tenants/smartpatcher/subtenants/praxis-12190/users,48
/v/dev-0.0/tenants/smartpatcher/subtenants/praxis-12032/calls,2
/v/dev-0.0/tenants/smartpatcher/subtenants?phone_number=12032,4
/v/dev-0.0/tenants/smartpatcher/subtenants/praxis-12018/calls?start_time=2021-09-22T22:00:00.000Z&end_time=2021-09-23T21:59:59.999Z&size=50&is_complete=false,12
/v/dev-0.0/tenants/smartpatcher/subtenants/praxis-12087/calls?start_time=2018-01-01T00:00:00.000Z&end_time=2021-09-23T23:59:59.999Z&size=50&is_complete=false,13
/v/dev-0.0/tenants/smartpatcher/subtenants?id=praxis-12087,47
/v/dev-0.0/tenants/smartpatcher/subtenants/praxis-12087/users,30
/v/dev-0.0/tenants/smartpatcher/subtenants?id=innermed,112
/v/dev-0.0/tenants/smartpatcher/subtenants/innermed/calls?start_time=2018-01-01T00:00:00.000Z&end_time=2021-09-23T23:59:59.999Z&size=50&is_complete=false,36
/v/dev-0.0/tenants/smartpatcher/subtenants/innermed/users,74
/v/dev-0.0/tenants/smartpatcher/subtenants/praxis-12319/calls?start_time=2018-01-01T00:00:00.000Z&end_time=2021-09-23T23:59:59.999Z&size=50&is_complete=false,16
/v/dev-0.0/tenants/smartpatcher/subtenants/praxis-12319/users,36
/v/dev-0.0/tenants/smartpatcher/subtenants?id=praxis-10717,38
/v/dev-0.0/tenants/smartpatcher/subtenants/praxis-10073/calls?start_time=2018-01-01T00:00:00.000Z&end_time=2021-09-23T23:59:59.999Z&size=50&is_complete=false,36
/v/dev-0.0/tenants/smartpatcher/subtenants/praxis-10717/users,25
/v/dev-0.0/tenants/smartpatcher/subtenants/praxis-13003/calls?start_time=2018-01-01T00:00:00.000Z&end_time=2021-09-23T23:59:59.999Z&size=50&is_complete=false,11
/v/dev-0.0/tenants/smartpatcher/subtenants?id=praxis-13003,33
/v/dev-0.0/tenants/smartpatcher/subtenants/praxis-13003/users,22
/v/dev-0.0/tenants/smartpatcher/subtenants?id=praxis-12319,58
/v/dev-0.0/tenants/smartpatcher/subtenants/praxis-10517/calls,4
/v/dev-0.0/tenants/smartpatcher/subtenants/praxis-13032/calls/614c1e53041bc6001dde2164,6
/v/dev-0.0/tenants/smartpatcher/subtenants?id=praxis-12208,33
/v/dev-0.0/tenants/smartpatcher/subtenants?phone_number=10517,8
/v/dev-0.0/tenants/smartpatcher/subtenants/praxis-10912/calls/614c19b8041bc6001dde18e7,2
/v/dev-0.0/tenants/smartpatcher/subtenants/praxis-10531/calls?start_time=2018-01-01T00:00:00.000Z&end_time=2021-09-23T23:59:59.999Z&size=50&is_complete=false,13
/v/dev-0.0/tenants/smartpatcher/subtenants/praxis-10965/calls,9
/v/dev-0.0/tenants/smartpatcher/subtenants?phone_number=10965,18
/v/dev-0.0/tenants/smartpatcher/subtenants/praxis-10717/calls?start_time=2018-01-01T00:00:00.000Z&end_time=2021-09-23T23:59:59.999Z&size=50&is_complete=false,12
/v/dev-0.0/tenants/smartpatcher/subtenants?id=praxis-10073,108
/v/dev-0.0/tenants/smartpatcher/subtenants/praxis-12073/calls?start_time=2018-01-01T00:00:00.000Z&end_time=2021-09-23T23:59:59.999Z&size=50&is_complete=false,12
/v/dev-0.0/tenants/smartpatcher/subtenants/praxis-10073/users,72
/v/dev-0.0/tenants/smartpatcher/subtenants/praxis-10757/calls/614c1ea2755d37001974b241,2
/v/dev-0.0/tenants/smartpatcher/subtenants/praxis-12073/users,24
/v/dev-0.0/tenants/smartpatcher/subtenants?id=praxis-12073,36
/v/dev-0.0/tenants/smartpatcher/subtenants/praxis-10614/calls?start_time=2018-01-01T00:00:00.000Z&end_time=2021-09-23T23:59:59.999Z&size=50&is_complete=false,12
/v/dev-0.0/tenants/smartpatcher/subtenants/praxis-12264/calls?start_time=2018-01-01T00:00:00.000Z&end_time=2021-09-23T23:59:59.999Z&size=50&is_complete=false,12
/v/dev-0.0/tenants/smartpatcher/subtenants?id=praxis-10614,36
/v/dev-0.0/tenants/smartpatcher/subtenants/praxis-12264/users,24
/v/dev-0.0/tenants/smartpatcher/subtenants/praxis-10614/users,24
/v/dev-0.0/tenants/smartpatcher/subtenants/praxis-12208/calls?start_time=2018-01-01T00:00:00.000Z&end_time=2021-09-23T23:59:59.999Z&size=50&is_complete=false,11
/v/dev-0.0/tenants/smartpatcher/subtenants/praxis-12208/users,22
/v/dev-0.0/tenants/smartpatcher/subtenants/praxis-10063/calls?start_time=2018-01-01T00:00:00.000Z&end_time=2021-09-23T23:59:59.999Z&size=50&is_complete=false,11
/v/dev-0.0/tenants/smartpatcher/subtenants/praxis-12223/calls?start_time=2018-01-01T00:00:00.000Z&end_time=2021-09-23T23:59:59.999Z&size=175&is_complete=false,11
/v/dev-0.0/tenants/smartpatcher/subtenants/praxis-12172/calls?start_time=2018-01-01T00:00:00.000Z&end_time=2021-09-23T23:59:59.999Z&size=50&is_complete=false,12
/v/dev-0.0/tenants/smartpatcher/subtenants?id=praxis-12223,66
/v/dev-0.0/tenants/smartpatcher/subtenants?id=praxis-12172,36
/v/dev-0.0/tenants/smartpatcher/subtenants/praxis-12223/users,44
/v/dev-0.0/tenants/smartpatcher/subtenants/praxis-12172/users,24
/v/dev-0.0/tenants/smartpatcher/subtenants/praxis-nord/calls?start_time=2018-01-01T00:00:00.000Z&end_time=2021-09-23T23:59:59.999Z&size=75&is_complete=false,12
/v/dev-0.0/tenants/smartpatcher/subtenants/praxis-12233/calls?start_time=2018-01-01T00:00:00.000Z&end_time=2021-09-23T23:59:59.999Z&size=50&is_complete=false,24
/v/dev-0.0/tenants/smartpatcher/subtenants?id=praxis-12233,72
/v/dev-0.0/tenants/smartpatcher/subtenants/praxis-12233/users,48
/v/dev-0.0/tenants/smartpatcher/subtenants?id=praxis-12264,36
/v/dev-0.0/tenants/smartpatcher/subtenants/praxis-10972/calls/614c1ed59c3d43001917aadb,1
/v/dev-0.0/tenants/smartpatcher/subtenants/praxis-12240/calls?start_time=2018-01-01T00:00:00.000Z&end_time=2021-09-23T23:59:59.999Z&size=50&is_complete=false,12
/v/dev-0.0/tenants/smartpatcher/subtenants/praxis-12315/calls/614c1ed5ed7cb50019dfb902,1
/v/dev-0.0/tenants/smartpatcher/subtenants/praxis-10758/calls?start_time=2018-01-01T00:00:00.000Z&end_time=2021-09-23T23:59:59.999Z&size=50&is_complete=false,11
/v/dev-0.0/tenants/smartpatcher/subtenants?id=praxis-12240,36
/v/dev-0.0/tenants/smartpatcher/subtenants/praxis-12240/users,24
/v/dev-0.0/tenants/smartpatcher/subtenants?id=praxis-nord,36
/v/dev-0.0/tenants/smartpatcher/subtenants?id=praxis-10758,33
/v/dev-0.0/tenants/smartpatcher/subtenants/praxis-nord/users,24
/v/dev-0.0/tenants/smartpatcher/subtenants/praxis-10758/users,22
/v/dev-0.0/tenants/smartpatcher/subtenants/praxis-12267/calls/614c1ec1265959001cd76a34,1
/v/dev-0.0/tenants/smartpatcher/subtenants?id=praxis-10063,33
/v/dev-0.0/tenants/smartpatcher/subtenants/praxis-10063/users,22
/v/dev-0.0/tenants/smartpatcher/subtenants/praxis-10795/calls/614c1ed5d880b2001b67dca4,1
/v/dev-0.0/tenants/smartpatcher/subtenants/praxis-10914/calls?start_time=2018-01-01T00:00:00.000Z&end_time=2021-09-23T23:59:59.999Z&size=50&is_complete=false,34
/v/dev-0.0/tenants/smartpatcher/subtenants?id=praxis-12250,72
/v/dev-0.0/tenants/smartpatcher/subtenants/praxis-12250/calls?start_time=2018-01-01T00:00:00.000Z&end_time=2021-09-23T23:59:59.999Z&size=50&is_complete=false,24
/v/dev-0.0/tenants/smartpatcher/subtenants/praxis-12250/users,48
/v/dev-0.0/tenants/smartpatcher/subtenants?id=praxis-10914,116
/v/dev-0.0/tenants/smartpatcher/subtenants/praxis-10684/calls/614c18cb0bebcd00194c1b29,2
/v/dev-0.0/tenants/smartpatcher/subtenants/praxis-10914/users,76
/v/dev-0.0/tenants/smartpatcher/subtenants/praxis-10998/calls?start_time=2018-01-01T00:00:00.000Z&end_time=2021-09-23T23:59:59.999Z&size=50&is_complete=false,15
/v/dev-0.0/tenants/smartpatcher/subtenants/praxis-10912/calls/614c1b32a5c01f00192646b1,4
/v/dev-0.0/tenants/smartpatcher/subtenants/praxis-10683/calls?start_time=2018-01-01T00:00:00.000Z&end_time=2021-09-23T23:59:59.999Z&size=50&is_complete=false,12
/v/dev-0.0/tenants/smartpatcher/subtenants/praxis-10998/users,30
/v/dev-0.0/tenants/smartpatcher/subtenants?id=praxis-10683,36
/v/dev-0.0/tenants/smartpatcher/subtenants/praxis-10683/users,24
/v/dev-0.0/tenants/smartpatcher/subtenants/praxis-10981/calls?start_time=2018-01-01T00:00:00.000Z&end_time=2021-09-23T23:59:59.999Z&size=50&is_complete=false,12
/v/dev-0.0/tenants/smartpatcher/subtenants?id=praxis-10981,38
/v/dev-0.0/tenants/smartpatcher/subtenants/praxis-10981/users,25
/v/dev-0.0/tenants/smartpatcher/subtenants?id=praxis-12035,64
/v/dev-0.0/tenants/smartpatcher/subtenants/praxis-10769/calls,2
/v/dev-0.0/tenants/smartpatcher/subtenants/praxis-12035/users,42
/v/dev-0.0/tenants/smartpatcher/subtenants/praxis-12035/calls?start_time=2018-01-01T00:00:00.000Z&end_time=2021-09-23T23:59:59.999Z&size=50&is_complete=false,21
/v/dev-0.0/tenants/smartpatcher/subtenants/praxis-12059/calls,1
/v/dev-0.0/tenants/smartpatcher/subtenants?phone_number=10769,2
/v/dev-0.0/tenants/smartpatcher/subtenants?phone_number=00493012053179107690,1
/v/dev-0.0/tenants/smartpatcher/subtenants/praxis-12074/calls/614c1e689c3d43001917aa21,7
/v/dev-0.0/tenants/smartpatcher/subtenants/praxis-12075/calls?start_time=2018-01-01T00:00:00.000Z&end_time=2021-09-23T23:59:59.999Z&size=50&is_complete=false,12
/v/dev-0.0/tenants/smartpatcher/subtenants?phone_number=12059,2
/v/dev-0.0/tenants/smartpatcher/subtenants/praxis-13002/calls/614c1e7ded7cb50019dfb86e,5
/v/dev-0.0/tenants/smartpatcher/subtenants?id=praxis-12075,36
/v/dev-0.0/tenants/smartpatcher/subtenants/praxis-12075/users,24
/v/dev-0.0/tenants/smartpatcher/subtenants/praxis-10531/calls?start_time=2018-01-01T00:00:00.000Z&end_time=2021-09-23T23:59:59.999Z&size=100&is_complete=false,11
/v/dev-0.0/tenants/smartpatcher/subtenants?id=praxis-10998,48
/v/dev-0.0/tenants/smartpatcher/subtenants/praxis-10912/calls/614c1991b23cdc001a1639cd,2
/v/dev-0.0/tenants/smartpatcher/subtenants/praxis-10999/calls/614c1ec09c3d43001917aab5,1
/v/dev-0.0/tenants/smartpatcher/subtenants/praxis-10588/calls?start_time=2018-01-01T00:00:00.000Z&end_time=2021-09-23T23:59:59.999Z&size=50&is_complete=false,23
/v/dev-0.0/tenants/smartpatcher/subtenants?id=praxis-10588,69
/v/dev-0.0/tenants/smartpatcher/subtenants/praxis-10588/users,46
/v/dev-0.0/tenants/smartpatcher/subtenants?id=praxis-12131,69
/v/dev-0.0/tenants/smartpatcher/subtenants/praxis-12131/users,46
/v/dev-0.0/tenants/smartpatcher/subtenants/praxis-10961/calls?start_time=2018-01-01T00:00:00.000Z&end_time=2021-09-23T23:59:59.999Z&size=100&is_complete=false,11
/v/dev-0.0/tenants/smartpatcher/subtenants/praxis-10610/calls?start_time=2018-01-01T00:00:00.000Z&end_time=2021-09-23T23:59:59.999Z&size=50&is_complete=false,11
/v/dev-0.0/tenants/smartpatcher/subtenants/ggp-gruppe/calls?start_time=2018-01-01T00:00:00.000Z&end_time=2021-09-23T23:59:59.999Z&size=50&is_complete=false,12
/v/dev-0.0/tenants/smartpatcher/subtenants?id=praxis-10610,33
/v/dev-0.0/tenants/smartpatcher/subtenants/praxis-12131/calls?start_time=2018-01-01T00:00:00.000Z&end_time=2021-09-23T23:59:59.999Z&size=50&is_complete=false,23
/v/dev-0.0/tenants/smartpatcher/subtenants/praxis-10610/users,22
/v/dev-0.0/tenants/smartpatcher/subtenants?id=ggp-gruppe,36
/v/dev-0.0/tenants/smartpatcher/subtenants/ggp-gruppe/users,24
/v/dev-0.0/tenants/smartpatcher/subtenants?id=praxis-10961,33
/v/dev-0.0/tenants/smartpatcher/subtenants/praxis-10961/users,22
/v/dev-0.0/tenants/smartpatcher/subtenants/praxis-10865/calls?start_time=2018-01-01T00:00:00.000Z&end_time=2021-09-23T23:59:59.999Z&size=50&is_complete=false,12
/v/dev-0.0/tenants/smartpatcher/subtenants?id=praxis-10865,36
/v/dev-0.0/tenants/smartpatcher/subtenants/praxis-10865/users,24
/v/dev-0.0/tenants/smartpatcher/subtenants?id=praxis-10831,36
/v/dev-0.0/tenants/smartpatcher/subtenants/praxis-10831/calls?start_time=2018-01-01T00:00:00.000Z&end_time=2021-09-23T23:59:59.999Z&size=50&is_complete=false,12
/v/dev-0.0/tenants/smartpatcher/subtenants/praxis-10831/users,24
/v/dev-0.0/tenants/smartpatcher/subtenants?id=praxis-10770,33
/v/dev-0.0/tenants/smartpatcher/subtenants/praxis-10770/calls?start_time=2018-01-01T00:00:00.000Z&end_time=2021-09-23T23:59:59.999Z&size=50&is_complete=false,11
/v/dev-0.0/tenants/smartpatcher/subtenants/praxis-10770/users,22
/v/dev-0.0/tenants/smartpatcher/subtenants?id=praxis-10937,94
/v/dev-0.0/tenants/smartpatcher/subtenants/praxis-10937/calls?start_time=2018-01-01T00:00:00.000Z&end_time=2021-09-23T23:59:59.999Z&size=50&is_complete=false,26
/v/dev-0.0/tenants/smartpatcher/subtenants/praxis-10937/users,60
/v/dev-0.0/tenants/smartpatcher/subtenants/praxis-12058/calls/614c1ea3f80848001b30aa7c,2
/v/dev-0.0/tenants/smartpatcher/subtenants?id=praxis-10759,55
/v/dev-0.0/tenants/smartpatcher/subtenants/praxis-10759/users,35
/v/dev-0.0/tenants/smartpatcher/subtenants/praxis-10759/calls?start_time=2018-01-01T00:00:00.000Z&end_time=2021-09-23T23:59:59.999Z&size=50&is_complete=false,14
/v/dev-0.0/tenants/smartpatcher/subtenants?id=praxis-10659,69
/v/dev-0.0/tenants/smartpatcher/subtenants/praxis-12102/calls?start_time=2018-01-01T00:00:00.000Z&end_time=2021-09-23T23:59:59.999Z&size=50&is_complete=false,8
/v/dev-0.0/tenants/smartpatcher/subtenants/praxis-10659/calls?start_time=2018-01-01T00:00:00.000Z&end_time=2021-09-23T23:59:59.999Z&size=50&is_complete=false,23
/v/dev-0.0/tenants/smartpatcher/subtenants/praxis-12102/users,16
/v/dev-0.0/tenants/smartpatcher/subtenants/praxis-10933/calls/614c1aa69c3d43001917a3a1,6
/v/dev-0.0/tenants/smartpatcher/subtenants/praxis-10659/users,46
/v/dev-0.0/tenants/smartpatcher/subtenants/praxis-10589/calls/614c1e94f80848001b30aa55,3
/v/dev-0.0/tenants/smartpatcher/subtenants/praxis-12048/calls?start_time=2018-01-01T00:00:00.000Z&end_time=2021-09-23T23:59:59.999Z&size=50&is_complete=false,11
/v/dev-0.0/tenants/smartpatcher/subtenants?id=praxis-12102,27
/v/dev-0.0/tenants/smartpatcher/subtenants/praxis-10750/calls?start_time=2018-01-01T00:00:00.000Z&end_time=2021-09-23T23:59:59.999Z&size=50&is_complete=false,12
/v/dev-0.0/tenants/smartpatcher/subtenants?id=praxis-10750,36
/v/dev-0.0/tenants/smartpatcher/subtenants/praxis-12315/calls,1
/v/dev-0.0/tenants/smartpatcher/subtenants/praxis-12048/users,22
/v/dev-0.0/tenants/smartpatcher/subtenants/praxis-10750/users,24
/v/dev-0.0/tenants/smartpatcher/subtenants?phone_number=12315,2
/v/dev-0.0/tenants/smartpatcher/subtenants?id=praxis-12048,36
/v/dev-0.0/tenants/smartpatcher/subtenants/praxis-10668/calls/614c1ed2d880b2001b67dca1,1
/v/dev-0.0/tenants/smartpatcher/subtenants/praxis-10903/calls?start_time=2018-01-01T00:00:00.000Z&end_time=2021-09-23T23:59:59.999Z&size=50&is_complete=false,11
/v/dev-0.0/tenants/smartpatcher/subtenants?id=praxis-10903,33
/v/dev-0.0/tenants/smartpatcher/subtenants/praxis-10972/calls,1
/v/dev-0.0/tenants/smartpatcher/subtenants/praxis-10903/users,22
/v/dev-0.0/tenants/smartpatcher/subtenants?id=praxis-10847,36
/v/dev-0.0/tenants/smartpatcher/subtenants/praxis-10847/users,24
/v/dev-0.0/tenants/smartpatcher/subtenants/praxis-12210/calls/614c1e8eb3d30300191acf0e,4
/v/dev-0.0/tenants/smartpatcher/subtenants/praxis-10027/calls?start_time=2018-01-01T00:00:00.000Z&end_time=2021-09-23T23:59:59.999Z&size=125&is_complete=false,11
/v/dev-0.0/tenants/smartpatcher/subtenants/praxis-12213/calls/614c1ec3b3d30300191acf7d,1
/v/dev-0.0/tenants/smartpatcher/subtenants/praxis-10574/calls?start_time=2018-01-01T00:00:00.000Z&end_time=2021-09-23T23:59:59.999Z&size=50&is_complete=false,14
/v/dev-0.0/tenants/smartpatcher/subtenants?id=praxis-10828,33
/v/dev-0.0/tenants/smartpatcher/subtenants/praxis-10828/users,22
/v/dev-0.0/tenants/smartpatcher/subtenants?phone_number=10972,2
/v/dev-0.0/tenants/smartpatcher/subtenants/praxis-10570/calls?start_time=2018-01-01T00:00:00.000Z&end_time=2021-09-23T23:59:59.999Z&size=50&is_complete=false,11
/v/dev-0.0/tenants/smartpatcher/subtenants/praxis-10689/calls?start_time=2018-01-01T00:00:00.000Z&end_time=2021-09-23T23:59:59.999Z&size=50&is_complete=false,12
/v/dev-0.0/tenants/smartpatcher/subtenants/praxis-10521/calls?start_time=2018-01-01T00:00:00.000Z&end_time=2021-09-23T23:59:59.999Z&size=75&is_complete=false,10
/v/dev-0.0/tenants/smartpatcher/subtenants/praxis-10795/calls,4
/v/dev-0.0/tenants/smartpatcher/subtenants?id=praxis-10574,56
/v/dev-0.0/tenants/smartpatcher/subtenants?phone_number=10795,8
/v/dev-0.0/tenants/smartpatcher/subtenants/praxis-10574/users,35
/v/dev-0.0/tenants/smartpatcher/subtenants/praxis-10847/calls?start_time=2018-01-01T00:00:00.000Z&end_time=2021-09-23T23:59:59.999Z&size=50&is_complete=false,12
/v/dev-0.0/tenants/smartpatcher/subtenants/praxis-13023/calls/614c1e5f041bc6001dde2170,5
/v/dev-0.0/tenants/smartpatcher/subtenants/praxis-10828/calls?start_time=2018-01-01T00:00:00.000Z&end_time=2021-09-23T23:59:59.999Z&size=50&is_complete=false,11
/v/dev-0.0/tenants/smartpatcher/subtenants/praxis-12094/calls?start_time=2018-01-01T00:00:00.000Z&end_time=2021-09-23T23:59:59.999Z&size=50&is_complete=false,12
/v/dev-0.0/tenants/smartpatcher/subtenants?id=praxis-12094,36
/v/dev-0.0/tenants/smartpatcher/subtenants/praxis-12094/users,24
/v/dev-0.0/tenants/smartpatcher/subtenants?id=praxis-10570,33
/v/dev-0.0/tenants/smartpatcher/subtenants/praxis-10570/users,22
/v/dev-0.0/tenants/smartpatcher/subtenants?id=praxis-12289,36
/v/dev-0.0/tenants/smartpatcher/subtenants/praxis-12289/calls?start_time=2018-01-01T00:00:00.000Z&end_time=2021-09-23T23:59:59.999Z&size=50&is_complete=false,12
/v/dev-0.0/tenants/smartpatcher/subtenants/praxis-10640/calls?start_time=2018-01-01T00:00:00.000Z&end_time=2021-09-23T23:59:59.999Z&size=50&is_complete=false,12
/v/dev-0.0/tenants/smartpatcher/subtenants?id=praxis-10640,36
/v/dev-0.0/tenants/smartpatcher/subtenants/praxis-10640/users,24
/v/dev-0.0/tenants/smartpatcher/subtenants/praxis-10879/calls?start_time=2018-01-01T00:00:00.000Z&end_time=2021-09-23T23:59:59.999Z&size=50&is_complete=false,11
/v/dev-0.0/tenants/smartpatcher/subtenants/praxis-12289/users,24
/v/dev-0.0/tenants/smartpatcher/subtenants?id=praxis-10879,33
/v/dev-0.0/tenants/smartpatcher/subtenants/praxis-10879/users,22
/v/dev-0.0/tenants/smartpatcher/subtenants/praxis-12319/calls,4
/v/dev-0.0/tenants/smartpatcher/subtenants?phone_number=12319,8
/v/dev-0.0/tenants/smartpatcher/subtenants/praxis-10617/calls?start_time=2018-01-01T00:00:00.000Z&end_time=2021-09-23T23:59:59.999Z&size=50&is_complete=false,11
/v/dev-0.0/tenants/smartpatcher/subtenants?id=praxis-10617,33
/v/dev-0.0/tenants/smartpatcher/subtenants/praxis-10617/users,22
/v/dev-0.0/tenants/smartpatcher/subtenants/praxis-10963/calls?start_time=2018-01-01T00:00:00.000Z&end_time=2021-09-23T23:59:59.999Z&size=50&is_complete=false,10
/v/dev-0.0/tenants/smartpatcher/subtenants?id=praxis-12300,72
/v/dev-0.0/tenants/smartpatcher/subtenants/praxis-12300/users,48
/v/dev-0.0/tenants/smartpatcher/subtenants/praxis-12300/calls?start_time=2018-01-01T00:00:00.000Z&end_time=2021-09-23T23:59:59.999Z&size=50&is_complete=false,24
/v/dev-0.0/tenants/smartpatcher/subtenants/praxis-12163/calls?start_time=2018-01-01T00:00:00.000Z&end_time=2021-09-23T23:59:59.999Z&size=50&is_complete=false,11
/v/dev-0.0/tenants/smartpatcher/subtenants/praxis-12298/calls?start_time=2018-01-01T00:00:00.000Z&end_time=2021-09-23T23:59:59.999Z&size=50&is_complete=false,12
/v/dev-0.0/tenants/smartpatcher/subtenants?id=praxis-12163,33
/v/dev-0.0/tenants/smartpatcher/subtenants/praxis-12163/users,22
/v/dev-0.0/tenants/smartpatcher/subtenants/praxis-10589/calls/614c1e929c3d43001917aa5d,3
/v/dev-0.0/tenants/smartpatcher/subtenants?id=praxis-12298,36
/v/dev-0.0/tenants/smartpatcher/subtenants/praxis-12298/users,24
/v/dev-0.0/tenants/smartpatcher/subtenants/praxis-10973/calls?start_time=2018-01-01T00:00:00.000Z&end_time=2021-09-23T23:59:59.999Z&size=125&is_complete=false,11
/v/dev-0.0/tenants/smartpatcher/subtenants/praxis-12040/calls?start_time=2018-01-01T00:00:00.000Z&end_time=2021-09-23T23:59:59.999Z&size=50&is_complete=false,11
/v/dev-0.0/tenants/smartpatcher/subtenants/praxis-10564/calls/614c1e770bebcd00194c2735,5
/v/dev-0.0/tenants/smartpatcher/subtenants?id=praxis-12040,33
/v/dev-0.0/tenants/smartpatcher/subtenants/praxis-12040/users,22
"/v/dev-0.0/tenants/smartpatcher/subtenants/praxis-10972/calls?start_time=2018-01-01T00:00:00.000Z&end_time=2021-09-23T23:59:59.999Z&size=50&is_complete=false&category_type=appointment,voicemail",11
/v/dev-0.0/tenants/smartpatcher/subtenants/praxis-12207/calls?start_time=2018-01-01T00:00:00.000Z&end_time=2021-09-23T23:59:59.999Z&size=50&is_complete=false,12
/v/dev-0.0/tenants/smartpatcher/subtenants/praxis-10810/callers/+491727528252,1
/v/dev-0.0/tenants/smartpatcher/subtenants?id=praxis-10973,66
/v/dev-0.0/tenants/smartpatcher/subtenants?id=praxis-12207,36
/v/dev-0.0/tenants/smartpatcher/subtenants/praxis-10973/users,44
/v/dev-0.0/tenants/smartpatcher/subtenants/praxis-12207/users,24
/v/dev-0.0/tenants/smartpatcher/subtenants/praxis-10810/calls/614c1e9a9c3d43001917aa6f,3
/v/dev-0.0/tenants/smartpatcher/subtenants/praxis-gion/calls?start_time=2018-01-01T00:00:00.000Z&end_time=2021-09-23T23:59:59.999Z&size=50&is_complete=false,11
/v/dev-0.0/tenants/smartpatcher/subtenants/praxis-12110/calls?start_time=2018-01-01T00:00:00.000Z&end_time=2021-09-23T23:59:59.999Z&size=100&is_complete=false,11
/v/dev-0.0/tenants/smartpatcher/subtenants/praxis-10992/calls?start_time=2018-01-01T00:00:00.000Z&end_time=2021-09-23T23:59:59.999Z&size=50&is_complete=false,13
/v/dev-0.0/tenants/smartpatcher/subtenants/praxis-10992/users,29
/v/dev-0.0/tenants/smartpatcher/subtenants?id=praxis-10992,45
/v/dev-0.0/tenants/smartpatcher/subtenants/praxis-10666/calls?start_time=2018-01-01T00:00:00.000Z&end_time=2021-09-23T23:59:59.999Z&size=50&is_complete=false,8
/v/dev-0.0/tenants/smartpatcher/subtenants?id=praxis-gion,66
/v/dev-0.0/tenants/smartpatcher/subtenants?id=praxis-10666,24
/v/dev-0.0/tenants/smartpatcher/subtenants?id=praxis-12110,33
/v/dev-0.0/tenants/smartpatcher/subtenants/praxis-gion/users,44
/v/dev-0.0/tenants/smartpatcher/subtenants/praxis-10666/users,16
/v/dev-0.0/tenants/smartpatcher/subtenants/praxis-12110/users,22
/v/dev-0.0/tenants/smartpatcher/subtenants/praxis-10915/calls?start_time=2018-01-01T00:00:00.000Z&end_time=2021-09-23T23:59:59.999Z&size=50&is_complete=false,17
/v/dev-0.0/tenants/smartpatcher/subtenants?id=praxis-10915,91
